Gyro_X,Gyro_Y,Gyro_Z,Acc_X,Acc_Y,Acc_Z
-0.4261,-0.5020,0.6614,5.0853,-0.6428,7.1204
-0.0112,0.0426,-0.0330,6.0418,-0.9266,7.0509
0.0085,0.0608,0.0117,5.8598,-0.8308,6.7217
-0.1279,-0.0618,0.1002,6.1603,-0.9098,7.1623
0.0693,0.0578,0.0056,6.2572,-0.9720,6.9168
-0.0341,-0.0005,-0.0344,5.8706,-0.8667,6.5027
-0.0554,0.0778,0.0887,6.1639,-0.9170,6.7684
-0.0797,0.0107,-0.0013,6.2656,-0.8978,6.8570
-0.0128,0.0762,0.0048,6.1435,-0.8954,6.8773
-0.0586,0.0080,0.0256,5.9903,-0.8332,6.6128
-0.0157,0.0346,0.0168,6.0717,-0.9194,6.7947
-0.1103,-0.0085,0.0887,6.1950,-0.8835,6.7660
-0.0328,-0.0048,-0.0117,6.1519,-0.9290,6.9504
-0.0218,-0.0600,0.0266,6.2716,-0.9278,6.7612
-0.0019,-0.1812,-0.0144,6.0023,-0.9325,6.7193
0.0512,-0.6233,0.0282,5.7269,-1.0654,7.0797
0.1585,-0.6867,0.0738,5.7521,-1.0068,6.6607
0.1825,-1.4490,0.3491,6.1280,-1.0858,6.9528
0.3675,-1.6907,0.3912,8.1547,-0.5435,3.5027
-1.3891,-1.2422,0.1362,8.1020,-1.3144,5.9975
0.4855,-0.3680,0.4490,8.2325,-1.7873,7.2257
1.1706,-0.8982,0.4940,8.1235,-1.4700,3.9181
0.1700,-1.3486,0.6320,8.6455,-1.2222,2.9724
0.3360,-1.3294,0.7925,8.6491,-1.9920,3.5530
0.9726,-1.3161,0.8767,9.3889,-2.4050,2.8467
1.2937,-0.6819,0.9358,10.0341,-2.5295,2.4708
1.5228,-0.6235,0.6797,11.6729,-2.4804,1.6221
1.3643,-0.5593,-0.1740,10.5129,-2.6145,0.7290
1.3558,-0.9004,-0.2566,10.0257,-2.2254,1.4928
1.5087,-0.8513,-0.1066,10.1670,-1.6496,0.0311
0.5929,-1.0539,-0.4682,10.3621,-1.5000,-0.0898
0.8119,-0.8423,-0.2060,10.4088,-0.9170,-0.7302
0.4138,-0.6187,-0.2385,10.1406,-0.9421,-0.5531
0.4692,-0.6486,-0.0919,11.0241,-0.8176,0.0144
0.9289,-0.1340,-0.4314,11.3018,-0.7961,-0.5136
0.9614,-0.7317,-0.7501,10.1801,-0.3687,-1.2629
0.5478,-0.6323,-0.5542,11.1522,-0.1317,-1.6125
0.7176,-0.0570,-1.0491,10.4291,0.4932,-2.3655
0.4202,-0.2172,-0.9707,10.1035,1.1564,-2.5905
0.0962,-0.1636,-0.7709,10.2053,1.5718,-1.8723
0.5561,0.0717,-0.9204,9.9371,1.9561,-1.9118
0.4868,-0.1700,-0.8697,9.9120,2.4146,-2.4505
0.1660,0.0629,-0.9078,9.5301,2.7761,-2.5534
-0.0370,-0.0157,-0.8239,9.6486,3.2501,-2.6600
-0.1220,0.1591,-0.8649,9.5289,3.7182,-2.7426
-0.3051,0.3214,-0.9110,10.0892,4.0270,-2.5379
-0.2558,0.2510,-0.8756,8.7472,4.6747,-2.6983
-0.5705,0.4554,-0.6536,9.5565,4.9141,-2.3774
-0.5566,0.4397,-0.9454,8.7161,5.1463,-1.8591
-0.6813,0.5556,-0.9454,7.9152,5.7042,-1.4808
-0.7994,0.3640,-0.7234,7.6914,5.8957,-1.2103
-0.9268,0.3696,-0.5295,7.3191,6.0286,-0.4549
-0.8266,0.3978,-0.7080,8.0900,6.0047,-0.3316
-1.0717,0.4429,-0.7538,7.1491,6.4751,0.2203
-0.9992,0.5446,-0.9705,7.3107,6.4703,0.7482
-1.2233,0.5668,-0.9896,6.0178,6.7528,1.1037
-1.1938,0.3373,-0.8572,5.9197,6.7050,2.4708
-1.0459,0.2246,-0.9952,5.1308,6.4739,3.0646
-1.0818,-0.1311,-0.9731,3.7266,6.6726,3.7769
-1.1985,-0.0261,-0.6771,4.5478,6.4679,4.2784
-1.2859,-0.0160,-0.8306,3.4429,6.6295,4.4688
-0.8087,-0.1964,-0.2883,3.9732,6.4691,5.1822
-0.6776,-0.2992,-0.2904,3.6416,6.7026,4.6436
-0.6558,0.0671,-0.0805,4.2294,6.4033,4.6855
-0.7608,-0.1519,-0.0461,4.3227,6.1507,5.2924
-0.6480,-0.1673,-0.1948,4.3622,6.0801,5.2553
-0.7991,-0.1721,-0.0663,4.0426,5.6647,5.5833
-1.0032,0.0570,0.0997,4.4017,5.4217,5.8383
-0.9923,0.0296,-0.2337,4.0534,4.9009,5.6910
-1.1016,-0.0029,-0.0402,3.8415,4.6675,6.0897
-1.0251,0.1825,-0.0557,3.7481,4.1695,6.7385
-0.9273,-0.2380,0.1258,3.9863,3.6464,7.0270
-0.5705,-0.2188,-0.0181,3.9971,3.2908,6.8151
-0.8687,-0.2510,0.0525,3.7804,2.9401,6.6595
-1.0400,-0.2004,0.2585,4.9045,2.8527,8.9040
-0.4072,-0.1191,0.0013,5.1188,2.6576,7.5597
-0.7008,-0.0807,0.0160,4.4700,2.3679,7.3119
-0.7962,-0.1692,0.2489,4.5669,1.7514,7.2401
-1.0208,-0.0770,0.3893,4.3610,1.4425,7.4543
-0.8516,-0.3368,0.5420,5.0757,0.6632,7.7297
-0.6848,-0.1151,0.2888,5.1332,0.5052,7.0222
-0.9382,-0.2947,0.5686,5.3223,0.0575,6.9372
-0.9249,-0.2665,0.5292,5.6156,-0.5171,8.0242
-0.6017,-0.3307,0.6744,6.4452,-1.0235,8.3677
-0.8567,-0.2153,0.4802,5.6814,-1.3755,7.4986
-1.0376,-0.3099,0.7176,5.4755,-2.1847,7.2449
-0.9422,-0.6635,1.0123,6.1818,-2.8347,6.6762
-0.5865,-0.4663,0.7000,6.2381,-3.1412,6.5769
-0.1809,-0.5191,0.6936,6.5709,-3.3615,6.2800
0.0791,-0.6027,0.4034,6.2130,-3.6476,6.0059
0.3640,-1.0922,0.6736,6.2441,-3.6775,5.8083
0.4900,-0.5425,0.8034,7.6602,-3.9840,5.4516
0.2942,-0.3736,0.3693,7.3155,-4.0402,5.6443
0.3714,-0.3493,0.6006,6.5972,-4.0223,5.4145
0.4162,-0.4056,0.5417,7.3143,-4.1539,5.6455
0.4916,-0.3656,0.3379,7.0844,-3.9696,5.3546
0.7474,-0.3491,0.4847,6.8498,-4.0450,5.6048
0.6789,-0.2713,0.4151,7.1982,-3.7362,4.9847
0.7823,-0.3445,0.5164,7.2903,-3.9085,5.1080
0.4815,-0.3845,0.3659,8.3019,-3.4632,4.4185
0.3094,0.0773,0.2140,7.4879,-3.2872,5.0985
0.3453,-0.3336,0.2281,7.8326,-3.2920,4.9931
0.4327,0.1364,0.2022,8.2971,-3.2334,4.4712
0.3168,0.0999,0.0903,7.8937,-3.1843,4.8650
0.3592,0.0850,0.1303,7.7488,-3.0251,4.3371
0.1812,0.0600,0.1274,7.9428,-2.8132,4.2701
0.0759,0.1172,0.0000,7.9284,-2.7485,4.6196
0.0629,0.0285,0.0408,8.0206,-2.7593,4.4939
-0.0786,0.1476,-0.0743,7.9978,-2.8383,5.0865
0.1023,0.0640,-0.2286,7.6686,-2.8311,4.9704
-0.0536,0.1274,-0.1633,7.1216,-2.8192,5.1344
-0.0488,0.0349,0.0208,7.3921,-2.7222,5.4037
0.0272,0.0781,-0.1228,7.5058,-2.7294,5.3307
-0.0655,0.0608,-0.1394,6.9097,-2.5642,5.3858
0.0941,0.0693,0.0016,6.8115,-2.5259,5.5450
0.0117,0.0224,0.0304,7.1635,-2.5295,5.4636
0.0530,0.1047,0.0458,7.3107,-2.4756,5.3774
0.1199,0.1119,-0.0024,7.1826,-2.3415,5.0302
-0.1322,0.1444,0.0818,7.0533,-2.0710,5.6108
0.0951,0.2651,0.0234,7.0892,-2.2410,5.6671
0.0661,0.0338,0.1010,7.2712,-2.2877,5.3630
0.0293,0.3179,0.0045,7.1635,-2.6683,5.7952
0.0597,0.0195,0.0538,6.5505,-2.5438,5.9699
0.1138,0.1471,0.2174,7.2353,-2.3463,5.5067
-0.0312,0.1745,0.0693,7.2496,-2.2805,5.9077
0.1290,0.1687,0.0882,7.0581,-2.4624,5.8119
0.0637,0.0962,0.0077,6.7528,-2.6217,5.6156
-0.0189,0.0536,0.1124,7.0497,-2.3774,5.8059
-0.0221,0.1100,-0.0504,6.7696,-2.1261,6.2549
0.0616,0.0333,0.0488,6.4703,-2.2134,5.7425
-0.0578,0.0085,0.0509,6.9049,-2.1404,5.9616
0.0179,0.1135,-0.0538,6.9827,-2.4852,6.1471
-0.0882,0.0434,-0.0229,6.4847,-2.0746,6.2177
0.0448,0.0528,0.0408,6.9360,-2.1739,5.9843
-0.0746,0.0344,0.0589,6.7828,-2.1476,6.0920
0.0051,-0.0032,-0.0096,7.2221,-2.1979,6.1854
0.0648,-0.0346,-0.1268,6.2704,-2.1261,5.9388
-0.0229,-0.0410,0.0967,6.6307,-2.1548,5.8957
-0.0466,0.0640,-0.0037,7.0641,-2.1153,6.2165
0.0237,0.0280,-0.0048,6.6224,-2.1308,5.9915
-0.0576,0.0735,0.0168,6.6020,-2.0794,5.8347
-0.0901,-0.0282,0.0586,6.5338,-2.0075,5.7880
0.0096,-0.0922,0.0605,6.8295,-2.1428,5.9675
-0.0488,0.0634,0.0440,6.5613,-2.1392,5.8730
-0.0927,0.0416,0.1050,6.6367,-2.1081,5.9508
0.0898,0.0341,0.1066,6.9276,-2.3703,5.8179
-0.0091,0.2763,0.0362,6.7792,-2.0363,5.2349
0.0123,0.1362,0.1082,7.1192,-1.9453,4.9644
-0.5764,0.2406,-0.0621,7.9535,-2.3619,7.3909
0.5247,0.1556,-0.1239,7.7321,-2.1009,6.3099
-0.2030,0.1697,-0.2417,7.5729,-2.0039,5.5749
-0.0333,0.0970,-0.3203,6.3422,-2.1775,6.5601
-0.0280,0.0837,0.0056,6.3470,-1.9465,6.1543
-0.0719,-0.0349,0.0853,6.5673,-1.8411,6.1495
-0.0429,-0.0024,0.0658,7.1216,-1.9609,5.8407
-0.1761,-0.0165,-0.0903,6.6152,-1.9884,5.8335
-0.0504,-0.0242,0.0282,6.7708,-1.9848,6.1603
-0.1119,0.1537,-0.0224,6.8426,-1.9680,5.7832
-0.0711,-0.0725,-0.0280,6.5529,-1.9764,6.1818
-0.0437,0.0767,0.0261,6.8115,-1.9585,6.2956
0.0765,0.0994,-0.0477,6.6331,-1.9740,5.9101
-0.0304,-0.0605,0.0621,6.8726,-1.8998,5.8442
-0.0802,0.0155,-0.0541,6.7205,-1.9609,6.0597
0.0029,-0.0954,0.0413,6.6798,-2.0399,6.0382
-0.1045,-0.1514,0.0906,6.9061,-1.9848,6.2010
0.0573,-0.4383,-0.0181,6.5649,-1.9704,6.4536
0.1279,-0.9777,0.1252,6.8031,-2.0231,6.7277
0.3661,-1.5892,0.1721,7.3670,-1.9644,6.4512
0.4223,-0.7530,0.2811,7.3310,-1.9166,6.3722
0.5702,-1.2745,0.5923,8.2037,-2.1991,6.4212
0.9707,-0.8641,0.6843,9.0644,-2.3379,5.4253
0.9049,-0.9241,0.5660,9.7636,-2.2134,3.8798
0.9561,-0.9792,0.3896,9.9467,-2.2434,3.1927
1.1839,-0.9316,0.2566,9.9527,-2.4229,3.0466
1.2228,-1.0269,-0.0160,10.6530,-2.1775,1.9429
1.1935,-0.5870,-0.2803,10.0616,-1.7789,0.9673
1.1327,-0.8529,-0.2625,10.6710,-1.5634,0.5902
1.1314,-0.3920,-0.6281,10.6985,-1.4329,0.2430
1.2308,-0.4223,-1.1732,9.9024,-0.6716,-0.5495
0.7719,-0.4538,-0.8335,10.1035,0.5136,-0.8009
0.7056,-0.2702,-0.6632,10.9858,0.6668,-1.1959
0.1705,-0.0080,-0.8937,9.9000,1.1349,0.2777
0.6097,-0.1359,-0.7962,10.5429,1.5550,-0.2370
0.6667,-0.2443,-1.5108,10.7416,2.1081,-0.7542
0.2017,-0.0133,-1.6001,9.2033,3.0311,-0.8547
0.0344,-0.1031,-1.2420,9.4547,3.5721,-1.2510
-0.3515,-0.0402,-1.4336,8.3426,4.1480,-1.1720
-0.2987,0.0349,-1.3081,7.5932,4.7944,-1.1899
-0.8236,0.1138,-1.0725,7.0940,5.4133,-0.6644
-0.7629,0.0179,-0.8937,6.7828,5.9400,0.3256
-0.8431,0.2052,-0.9233,7.2245,6.1962,1.0104
-0.6416,0.3507,-0.9318,6.7708,6.3279,0.8882
-0.9310,0.2742,-1.0451,5.3343,6.9264,1.7095
-0.5116,0.6198,-0.7909,5.7796,6.9240,1.6927
-1.0856,0.1897,-0.5007,5.5294,7.3287,1.6999
-0.8399,0.5287,-0.8194,5.8203,7.2365,2.1356
-1.1887,0.5766,-0.7743,5.1200,7.1156,2.5019
-1.1775,0.6387,-0.5225,4.2377,7.1694,3.0622
-1.3302,0.6456,-0.4293,3.4105,6.7816,4.6364
-1.0083,0.5569,-0.2886,4.4772,6.5194,4.5885
-1.3411,0.6273,-0.3072,3.9229,6.2118,5.1248
-1.0259,0.1865,-0.5191,2.3762,5.7676,5.8981
-1.2383,0.4151,-0.2105,2.9090,5.1799,6.3063
-1.0621,-0.0682,0.0213,2.4553,4.6507,6.5529
-1.0198,0.1103,-0.0605,1.6640,4.8111,6.9731
-1.0517,0.2721,0.4999,3.7948,3.9564,7.4555
-0.6041,0.0935,-0.2705,2.5007,3.8020,6.7959
-0.7938,0.0298,-0.0602,2.3798,3.2394,6.8761
-1.0968,0.0373,0.0791,2.4169,3.2286,6.6499
-1.4887,-0.3123,-0.1077,2.3152,2.5510,7.9428
-1.0688,0.1780,0.1577,2.8539,1.7585,8.7604
-1.0261,-0.5415,-0.0290,2.0027,1.1839,8.1930
-0.8095,-0.1399,0.4735,3.3603,0.7290,8.8346
-0.9422,-0.3589,0.1244,3.1352,0.4405,7.8602
-1.4741,-0.1796,0.4242,2.7952,-0.1772,8.1977
-1.6353,-0.4900,0.6230,3.7493,-1.2115,8.2696
-1.3933,-0.3619,0.4890,2.7833,-2.3834,8.9435
-0.8807,-0.3800,1.2417,4.3718,-2.9521,8.8562
-0.7466,-0.6142,0.9659,4.2054,-3.0670,8.2217
-0.3730,-0.5534,1.0190,4.4484,-3.6392,8.2540
0.0085,-0.7133,1.2233,4.6938,-3.7577,7.7548
0.1026,-0.5828,0.8932,5.4731,-4.2162,8.0266
0.5247,-0.3182,0.5481,4.8878,-3.8834,7.3239
0.4237,0.0999,0.6861,4.6471,-4.0594,6.6822
0.3946,-0.3118,0.7189,3.7038,-3.7804,7.3634
0.5580,-0.4173,0.9324,5.0494,-3.7733,7.7752
0.6336,-0.3368,0.6251,5.1044,-3.5015,6.9264
0.9438,-0.3597,0.4823,4.7429,-3.5422,7.1467
0.8852,-0.3416,0.5311,4.7657,-3.0861,6.5398
0.2132,0.2398,0.4026,4.9967,-2.8503,7.5118
0.1641,0.1231,0.5793,4.8926,-2.7785,7.2101
0.0139,0.0152,0.4135,5.5079,-2.7473,7.8207
0.2848,0.2284,0.4170,6.2884,-2.6576,6.7636
-0.0157,0.0115,0.1545,6.2393,-2.6228,6.4775
0.0368,0.1029,0.0184,6.2058,-2.6863,6.9061
0.0083,-0.0330,-0.1292,5.3486,-2.6420,7.0749
-0.0448,-0.0258,-0.0256,5.0039,-2.6779,7.2281
-0.0767,0.0139,-0.1879,4.8662,-2.6181,7.4615
0.0266,-0.0653,-0.0426,4.4053,-2.6061,7.4328
0.0655,-0.0440,-0.0626,4.9057,-2.5654,7.5298
0.0754,-0.0397,-0.1367,4.5346,-2.3619,7.2317
0.0056,0.0424,-0.0165,4.6603,-2.3212,7.0880
-0.0429,-0.0242,-0.0927,4.6436,-2.2793,7.3095
0.0621,-0.0781,-0.0027,4.5059,-2.2649,7.5369
0.1007,-0.0434,0.0906,5.1990,-2.1332,6.5697
-0.1681,-0.0045,-0.0530,5.1511,-2.1907,6.9109
-0.1047,0.0421,-0.0200,4.6866,-2.2218,7.7117
0.0285,0.0552,0.0701,4.9955,-2.1500,7.2844
-0.0024,0.0418,0.0381,5.1332,-2.0901,7.1742
0.0035,-0.0232,-0.0248,4.8135,-2.2182,7.1982
0.0314,0.1140,0.0549,4.7274,-2.2470,7.1706
0.1370,0.0330,0.0727,4.9548,-2.4313,6.5398
-0.1383,0.0248,0.0384,4.7501,-2.0351,7.0114
-0.0608,0.0528,0.0421,4.7585,-2.5498,7.4304
-0.1876,-0.1300,0.2284,5.2277,-1.5850,8.0325
0.0565,0.1727,0.0301,5.1499,-2.0315,7.7871
-0.0288,0.0290,0.0528,4.8351,-2.2613,7.2018
-0.0879,0.1649,-0.0679,4.3922,-2.7952,7.8925
0.0149,0.0957,0.2004,5.2110,-2.6085,7.6184
0.0658,-0.0024,-0.0136,5.1236,-2.3164,7.1371
-0.0077,-0.0986,0.0781,5.2816,-1.9968,7.0749
0.0373,-0.0021,-0.0706,4.9273,-2.1763,6.8750
-0.1969,-0.2491,0.0549,4.8052,-2.2637,7.1587
0.0306,-0.0240,-0.0091,5.4875,-2.4421,7.2652
-0.0882,-0.0933,-0.1103,4.6088,-2.3655,6.6595
-0.2337,-0.0850,0.0226,5.0470,-2.4014,7.4196
-0.0352,0.0442,-0.0352,5.3534,-2.5786,7.4903
0.0474,-0.0429,0.0282,5.2684,-2.4146,7.0390
-0.0757,-0.0245,0.0751,6.3147,-2.2769,7.1108
-0.0871,-0.0592,-0.2236,6.2513,-2.2063,6.8187
-0.0485,-0.0602,-0.0975,6.3398,-2.2589,6.8750
-0.0301,-0.0120,-0.2731,6.2189,-2.1907,6.2836
-0.1426,-0.0224,-0.1871,5.9795,-2.1835,5.9113
-0.1010,-0.0909,-0.3627,5.2565,-2.0913,5.2996
-0.5500,-0.0421,-0.1988,4.6388,-2.0279,6.7469
-0.1332,-0.0123,0.0999,5.7880,-2.2015,7.7752
-0.1903,-0.0072,-0.1492,5.6874,-1.9656,7.3406
-0.0328,0.0581,-0.0226,5.9508,-2.2087,7.4567
0.0053,0.0322,-0.1111,5.5366,-2.1368,7.0282
0.0655,-0.0741,0.0751,5.8682,-2.0339,6.5517
-0.0834,-0.0378,0.0554,6.3805,-2.1320,6.5948
-0.0725,-0.0786,-0.1362,5.8849,-2.2841,6.4895
-0.0477,-0.1506,0.0448,5.9795,-2.1763,6.3770
-0.1844,-0.4466,0.0592,6.7133,-2.1272,6.1196
0.0498,-0.0187,-0.0458,6.5350,-2.2063,6.2620
-0.2036,0.0197,-0.0632,6.5505,-2.2338,6.2668
-0.1111,0.1156,-0.1282,6.0825,-2.1703,6.7217
-0.3469,-0.1082,-0.1090,5.6156,-2.1847,6.5182
-0.5345,-0.2739,0.1085,5.8107,-2.4912,7.1024
-0.6869,-0.2598,0.1660,5.5210,-2.9066,7.6327
-0.5249,-0.4530,0.6979,5.3355,-3.2034,7.6770
0.5902,-1.2340,0.7759,6.6523,-3.7014,7.5549
0.9188,-1.0064,0.2614,7.0533,-3.4740,5.9376
0.8045,-1.0898,0.3512,7.5633,-2.9377,4.2377
0.7498,-0.5662,0.4788,8.3893,-2.8790,3.6595
0.6712,-0.6398,0.1482,8.5365,-3.0143,3.9828
0.8439,0.2345,0.3536,9.0824,-2.7174,2.4672
0.1226,-0.3128,0.0200,8.3701,-2.6300,2.4995
0.0520,0.1961,0.0714,8.3462,-2.4205,2.8958
0.1431,-0.5990,0.0109,7.8111,-2.6097,4.9488
0.3664,-0.5476,0.4623,7.8685,-2.5774,6.6355
1.2164,-1.0635,0.8156,10.0688,-2.9604,6.4344
1.8218,-1.3736,0.0000,9.7839,-2.8287,4.9464
1.1487,-2.2284,-0.6134,10.2268,-2.0351,1.8878
0.6776,-1.4378,-0.4618,9.3733,-1.5502,3.3651
1.9452,-1.2774,-0.2377,10.4663,-1.5024,1.9668
1.4989,-0.9654,-0.4042,10.8649,-0.9924,-0.0646
1.1802,-0.8399,-0.6502,10.3872,-0.7350,-0.4884
0.9555,-0.6571,-0.5415,10.7308,-0.3759,-1.4832
0.6896,0.1663,-0.3333,9.9742,-0.2729,-1.4736
0.6979,-0.6643,-0.5985,10.4531,-0.0778,-0.9373
1.6928,-0.8855,-0.7560,10.3070,0.5435,-1.2761
0.9105,-0.5276,-0.9350,9.8078,1.6652,-2.8706
0.3850,-1.0944,-0.7850,9.8150,2.0087,-3.3579
0.0544,-0.4575,-0.8388,10.0173,2.3367,-2.6887
0.1641,-0.0568,-0.8636,9.4667,2.5391,-2.9197
-0.0703,-0.0986,-1.0525,8.9423,3.0215,-3.1520
-0.4471,0.3744,-0.8703,9.1387,3.5698,-3.3040
-0.3560,0.0597,-0.8977,8.8992,3.8930,-2.9066
-0.4562,0.3925,-1.0096,8.8023,4.4089,-2.9497
-0.6403,0.3206,-1.0994,7.6160,5.0769,-2.5606
-0.6915,0.3842,-0.7759,8.8657,5.4049,-1.9848
-0.7629,0.5750,-0.8697,8.1918,5.8790,-1.8794
-0.8727,0.6787,-0.9590,7.3490,6.2525,-0.8655
-0.8258,0.6651,-1.1572,6.8606,6.5984,-0.9840
-0.9377,0.5017,-0.9824,7.3143,6.7109,-0.1556
-1.1431,0.7480,-1.0115,6.2417,7.1383,0.2131
-0.9017,1.2644,-1.0094,4.5825,7.2317,-0.7171
-1.6204,1.1362,-0.4098,6.0310,6.5290,2.5642
-1.2540,1.1780,-1.1322,4.3443,7.2377,2.7749
-1.4472,0.5129,-1.0531,3.8798,7.0497,5.2996
-0.9100,0.6757,-0.9585,3.6488,6.9851,5.0901
-1.1724,0.5393,-1.3161,2.3355,6.8666,4.7920
-0.9878,0.6094,-0.8905,1.2594,6.3638,6.0262
-0.8300,0.4064,-0.8271,1.0977,6.2429,5.8694
-0.7954,0.2204,-0.5718,0.5207,6.0777,5.9125
-0.7749,-0.2286,-0.2763,0.8631,5.9077,5.5617
-1.0333,0.1436,-0.5028,1.2210,5.3307,5.9580
-1.3022,0.1761,-0.5207,0.1149,4.9297,7.0126
-1.1690,0.4306,-0.0019,0.3579,4.5622,7.7859
-0.9038,-0.0309,-0.6779,0.1712,3.9780,6.3518
-1.5140,0.1023,-0.4506,0.2155,2.9413,7.6100
-1.2921,-0.3147,-0.4820,-0.7266,2.7916,8.0721
-0.9593,-0.2377,0.0144,0.0599,2.2482,8.5353
-1.1588,-0.1188,-0.1300,-0.0670,1.7980,8.0852
-1.2409,-0.3190,0.1743,-0.0120,1.3431,7.3107
-1.7019,-0.7645,0.4986,1.4018,0.1377,9.3877
-0.9116,-0.2257,-0.0352,1.0056,-0.5806,9.4739
-1.0584,-0.6225,0.0666,0.4956,-1.0427,9.3362
-1.1314,-0.5545,0.4463,1.0738,-1.4784,8.7700
-0.9553,-0.8007,0.3363,1.4784,-2.3942,8.9328
-0.9342,-0.6864,0.6544,2.0255,-2.5809,9.2033
-0.1943,-0.4884,0.6241,2.5714,-2.5402,9.3817
0.2758,-0.5289,0.5782,2.8671,-2.5893,8.0505
-0.0069,-1.0344,0.7466,2.3487,-2.5510,7.9380
0.0578,-0.2713,1.1178,4.1144,-3.2657,9.2380
0.1857,-0.5284,0.8769,3.3208,-2.9042,9.2177
0.4125,-0.4005,0.8825,3.9504,-2.9532,8.7843
0.2729,-0.3973,0.7109,4.6256,-2.6947,7.9643
0.1183,-0.1367,0.4802,4.5334,-2.5594,8.1044
0.2257,0.0213,0.4367,4.3886,-2.5857,8.3222
0.3152,0.2137,0.5140,4.2904,-2.4983,8.0852
0.3285,0.1447,0.4154,4.6986,-2.4708,7.7895
0.2579,-0.0461,0.3283,4.6986,-2.2817,7.7105
0.3352,-0.0008,0.2995,4.8770,-2.0566,7.3370
0.1466,0.0187,0.1937,5.0099,-1.9656,6.8067
-0.0706,-0.1492,0.0621,4.4388,-2.0387,7.4723
0.0338,-0.0288,0.0213,4.3179,-1.9908,7.7764
0.0448,-0.0634,-0.0008,3.9421,-1.9465,7.7644
0.0053,0.0317,0.0240,4.0330,-1.9549,7.8721
0.0250,-0.0466,-0.0456,3.7649,-1.8483,7.7345
0.0152,0.0472,0.0663,4.1635,-1.9513,7.7464
0.0506,-0.0147,-0.0541,3.5949,-1.8531,7.8183
0.0546,-0.1015,0.1500,4.3144,-1.7262,7.4747
-0.0767,-0.0410,0.0069,4.2497,-1.5443,7.7417
-0.0160,-0.0546,0.0610,4.5167,-1.6448,7.3694
-0.1394,-0.0799,-0.1100,4.1611,-1.7813,7.7309
-0.0781,-0.0738,0.0115,4.0115,-1.8854,7.9607
0.0274,-0.0088,0.0163,4.2509,-1.8866,8.0541
-0.0200,0.0341,-0.0389,3.9181,-1.6029,7.7189
-0.1164,0.0927,-0.0157,4.1480,-1.7705,8.5150
0.2601,0.1127,-0.0703,3.2836,-1.6053,8.3498
0.3152,-0.0645,0.2747,4.2341,-1.7023,7.4232
0.1418,0.0117,0.1162,4.3670,-1.5143,6.8307
-0.1258,-0.0176,0.1021,4.2270,-1.5024,7.6674
0.0629,-0.0703,0.1700,4.5131,-1.5562,7.8386
-0.0051,-0.0618,0.0554,4.4209,-1.3803,7.2975
-0.0911,0.0085,0.0632,4.4556,-1.2941,7.6662
-0.0168,0.0405,0.0392,4.3778,-1.4102,7.5202
-0.1322,-0.0767,0.0735,4.5322,-1.4964,7.6195
0.0282,-0.0301,-0.0195,4.3586,-1.6723,7.6614
-0.1543,-0.1156,0.0458,4.2258,-1.4820,7.6890
0.0264,-0.1681,0.0949,4.3251,-1.5443,7.6579
-0.0309,0.2593,0.0658,4.3981,-1.7621,8.1223
0.0666,0.2931,0.1175,4.7740,-1.6221,9.1925
0.3976,0.3126,-0.1202,4.0582,-1.4557,8.0098
-0.0749,-0.3810,0.0815,4.6914,-0.9206,6.9947
-0.3448,0.0163,0.0059,4.9596,-1.2079,7.4316
0.0203,-0.0650,-0.0938,4.3479,-1.2881,7.7536
0.1396,-0.0661,0.1151,4.1599,-1.1959,7.4436
-0.0666,0.4538,-0.0829,4.7118,-1.5933,7.2640
-0.0200,0.0000,-0.0898,3.9887,-1.3396,7.3622
-0.1809,0.0578,0.1671,5.0458,-1.3551,7.0258
-0.6680,0.1879,-0.1823,4.3898,-1.3958,7.8350
-0.6734,0.9651,0.4615,3.6966,-1.9046,8.7628
-0.0906,0.1577,0.0698,3.5793,-1.9944,7.6998
-0.4842,0.0021,0.3160,3.7350,-2.1620,7.5525
-0.3789,-0.0874,0.1223,4.2677,-2.4385,8.1032
-0.3667,-0.3520,-0.0370,4.3072,-2.6049,7.7177
-0.3179,0.0690,-0.0714,4.3610,-2.8132,7.4867
0.0466,-0.7671,-0.1644,4.2737,-2.8970,7.4795
-0.1162,-0.2393,-0.1092,4.4269,-2.7390,7.4531
0.1018,-0.0679,0.0197,4.6555,-2.7342,7.2544
-0.0600,-0.1948,-0.0147,4.7704,-2.6133,7.2532
-0.2960,-0.0408,0.1743,4.7106,-2.6935,7.0737
-0.0067,-0.1812,0.1831,5.0578,-2.8551,7.5130
0.2148,0.1410,-0.1124,5.5569,-2.8994,7.3634
0.3176,0.2611,-0.2630,5.0649,-2.5786,7.1946
-0.0309,0.1202,-0.1007,4.5550,-2.2853,6.9899
-0.0989,0.1146,0.0344,4.8770,-2.5283,7.2700
-0.0783,-0.0056,0.0136,4.9309,-2.4313,7.2257
-0.0498,-0.0088,0.0203,4.9596,-2.3942,7.2065
-0.1639,-0.0773,0.0168,5.1966,-2.4732,7.1251
-0.0767,-0.2377,-0.1055,4.7130,-2.3846,7.1108
-0.0493,-0.2595,0.0147,5.4157,-2.4325,7.1934
-0.0605,0.1788,-0.0562,4.9620,-2.5618,7.3765
0.0544,-0.1617,-0.0048,4.7657,-2.4014,7.1431
-0.0096,0.1268,0.1007,5.4552,-2.5786,7.1036
-0.0322,0.1396,0.0221,4.9644,-2.3284,7.0940
0.0927,-0.0434,0.1172,5.0087,-2.2817,6.9887
0.0512,0.0469,0.0440,5.2900,-2.3846,6.6056
-0.2257,0.0344,0.0293,5.0218,-2.7138,6.9145
-0.0429,-0.0469,0.0410,4.9512,-2.7809,7.5513
0.0429,0.0362,0.2209,5.2792,-2.5211,7.1886
-0.0011,-0.0946,0.0837,5.4851,-2.3691,7.1407
-0.0208,0.1002,0.1194,5.5797,-2.4277,7.0689
0.0783,-0.0501,0.0011,5.2756,-2.4445,6.9815
0.0330,-0.0176,-0.0171,5.2900,-2.4301,6.8582
-0.0290,-0.1063,0.0336,5.0793,-2.4924,6.7840
-0.1170,0.0925,0.0706,5.6539,-2.3248,6.8714
0.1223,0.0576,-0.0895,5.5198,-2.4098,6.8869
0.0850,0.1343,-0.1196,5.1559,-2.1428,6.7181
-0.0397,0.0024,0.0144,5.6898,-2.2110,6.8187
0.0882,0.1839,-0.2046,5.5737,-2.1620,7.1431
-0.0072,-0.0461,0.0021,6.0968,-1.9333,6.9145
-0.1711,-0.2952,-0.3291,5.4408,-2.0327,6.8402
-0.3397,-1.1391,-0.1343,4.5801,-2.2494,7.0102
-0.2313,-1.8786,0.0781,5.1990,-2.8144,7.3382
-0.0474,-2.3846,0.4639,5.9532,-2.7845,8.0325
1.0237,-1.0179,0.6576,8.2480,-2.8563,6.5278
1.1847,-0.7389,0.2065,8.1032,-2.2613,4.9895
0.8889,-0.8553,0.3888,7.4783,-2.1703,4.9728
1.2180,-0.7320,0.8338,8.2289,-2.4517,4.7333
1.4514,-1.1898,0.5825,9.2009,-2.4289,3.6188
1.1282,-1.0640,0.3016,10.1155,-2.1572,3.1005
0.9606,-1.1370,0.0163,9.8509,-1.9656,2.5654
0.8103,-1.0544,-0.1116,9.2404,-1.5215,2.4696
1.1660,-1.1442,0.3669,10.3825,-1.4856,1.9058
1.2324,-1.1626,0.1657,10.9391,-1.3671,0.6788
0.9753,-0.6981,-0.1945,9.9790,-1.3815,0.6452
0.8764,-0.8681,-0.1793,9.9527,-1.1384,0.2514
0.7743,-0.4610,-0.0458,10.3118,-0.8787,-0.2945
0.9348,-1.1151,-0.5204,12.3098,-1.1600,-0.4657
1.1226,-1.1378,-2.2628,10.9176,-0.4800,-1.4712
1.6939,-0.3677,-0.8815,8.4934,0.8056,-2.1883
1.0869,-0.5420,-0.2603,10.1023,1.1145,-3.4381
0.1279,-0.7480,-0.4557,10.5548,1.2198,-3.5733
0.0280,-0.1066,-0.4517,10.0533,1.4688,-2.5750
0.1711,-0.1167,-0.6560,10.3896,1.8555,-2.5630
0.0485,-0.0621,-0.8926,10.6195,2.1847,-3.1532
-0.1300,0.2470,-1.2438,9.9288,2.8180,-3.3315
-0.1969,0.4455,-1.1178,9.2991,3.4453,-3.1783
-0.2260,0.2361,-0.9811,9.0920,3.8391,-2.6995
-0.3123,0.3794,-1.0147,8.7951,4.3622,-2.6827
-0.2907,0.2707,-0.7067,8.6036,5.0147,-2.7031
-0.5159,0.3954,-0.8455,8.6742,5.3056,-1.9453
-0.7149,0.5228,-0.7421,7.6614,5.7377,-1.9609
-0.9193,0.4735,-0.6515,8.1630,5.7341,-0.3531
-0.3560,0.2473,-0.6310,7.6555,6.3698,-0.4764
-0.6211,0.3901,-0.2864,8.0290,6.5853,-0.8416
-0.3960,0.6765,-0.7296,8.6084,6.3794,-0.0718
-0.5241,0.5812,-0.9097,6.4655,6.8115,-0.4501
-0.4413,0.7064,-0.8330,6.9731,6.8103,0.2993
-0.4005,0.5945,-0.7911,6.4380,7.1108,0.0934
-0.3493,0.7898,-1.0038,5.9532,6.6032,0.5974
-0.7117,0.4210,-1.3323,4.6687,7.0449,0.8906
-0.9814,0.2132,-0.9939,4.1456,7.5357,1.0187
-1.1975,0.1956,-0.7711,3.5482,7.7273,2.2290
-1.3715,0.5590,-0.4972,3.8104,7.6423,2.8659
-1.2401,0.0941,-0.4530,4.0390,7.1467,4.1324
-1.0595,0.2057,-0.6686,3.5542,7.0222,4.5370
-0.9758,0.3115,-0.8127,2.3535,6.7900,4.5430
-1.6419,0.8370,-0.5494,2.2649,6.3817,4.0989
-1.9886,0.5148,-0.6355,1.3934,5.7197,6.3470
-1.4258,-0.1793,-0.4807,1.7777,5.0757,7.5298
-0.5311,0.0746,-0.4962,1.5730,4.6926,6.5278
-1.1357,-0.3309,-0.4128,1.1121,4.5346,6.4332
-1.1050,-0.1551,-0.3584,1.2055,3.9576,7.5657
-1.1157,-0.0498,-0.3035,0.9469,3.3351,7.6794
-0.8876,-0.4069,0.0120,0.5950,3.1184,7.7189
-1.1650,-0.1316,0.1665,1.6496,2.4481,8.3570
-0.9499,-0.4138,-0.0781,1.0020,2.2110,8.5234
-1.1077,-0.1434,0.6043,2.5989,1.7657,9.1327
-0.8588,-0.0085,-0.1524,2.0147,1.3120,8.3438
-1.3614,0.0570,0.1607,1.5730,0.6393,9.0573
-1.1532,0.0762,0.1908,1.7861,0.0515,8.9902
-1.3486,0.0040,0.2574,0.8009,-0.4166,8.6862
-1.5788,-0.2060,0.7685,1.9489,-1.5383,9.6331
-0.6885,-0.3640,0.6736,2.0411,-2.0770,8.9100
-0.9268,-0.2590,0.7538,3.0466,-2.3906,8.5317
-0.7730,-0.2785,0.3651,2.0578,-2.8491,7.8650
-0.8543,-0.4319,0.7927,2.1775,-3.3243,8.3127
-0.3675,-0.7264,0.7253,2.5367,-3.7625,8.1044
0.2297,-1.3483,0.8748,3.2202,-3.9002,8.1906
0.2659,-0.1956,0.9236,3.8415,-3.6907,7.4998
-0.0663,-0.3579,0.8511,3.2956,-3.7960,7.3454
-0.1905,-0.1532,0.9502,3.7888,-4.1216,8.0709
0.0815,-0.3925,0.6944,3.5985,-4.0247,8.0050
0.1593,-0.2345,0.8732,3.7553,-4.0115,7.4364
-0.0155,-0.3696,0.8111,3.8235,-4.1611,7.1515
0.0426,-0.3179,0.7663,3.8451,-4.3694,7.7381
0.3206,-0.3845,0.6115,3.9672,-4.5167,7.6674
0.4109,-0.3896,0.7456,3.9528,-4.3383,7.2891
0.7946,0.0821,0.7839,4.1204,-4.0163,6.7301
0.0797,-0.1319,0.4431,4.8878,-3.9181,6.9839
0.1407,0.0552,0.1167,4.0761,-3.9002,7.6854
0.3557,0.1825,0.2649,4.0031,-3.7086,7.4819
0.4988,0.2734,0.2148,3.9025,-3.5291,6.3386
-0.2769,-0.3118,0.0264,3.5243,-3.3303,7.2987
-0.0552,-0.0421,0.2310,3.5075,-3.4524,7.9883
0.3571,0.1522,0.2454,4.1839,-3.5721,7.3634
0.0826,-0.0999,0.0482,3.6931,-3.2190,7.1790
-0.1615,0.1156,0.0144,3.8116,-3.4848,7.7548
0.1268,0.1689,0.0424,3.3016,-3.4309,7.9212
0.1911,-0.0498,0.0261,3.3447,-3.3830,7.4998
0.1308,-0.0967,-0.0408,3.2334,-3.0227,7.2508
-0.0024,-0.2201,0.0989,3.6308,-3.2022,7.6926
0.0637,-0.1527,-0.0669,3.9564,-3.3435,7.7788
-0.0320,0.0698,-0.3531,3.7134,-2.9664,7.3574
-0.2790,-0.2419,-0.3056,3.6236,-2.9904,7.7979
0.1466,-0.2771,-0.0997,4.0785,-3.0981,7.9906
0.2366,0.1591,-0.2297,4.8674,-3.1627,7.6148
0.0802,0.1111,-0.5361,4.1324,-2.7689,7.8362
0.3030,0.3008,-0.3254,3.7326,-2.2781,7.7093
-0.0594,0.1082,-0.1175,3.8235,-2.0901,7.3239
0.1769,0.6499,-0.0810,3.1328,-2.2422,7.6507
0.1612,0.7608,0.0629,3.1651,-1.7549,6.9755
-0.0624,0.3597,0.0930,2.5594,-1.6879,7.5753
-0.3608,-0.1178,0.3816,3.9325,-2.1620,7.9631
-0.3315,0.5484,-0.0469,4.0127,-2.7007,8.8550
0.2465,0.4330,-0.4727,3.0598,-2.3523,8.3869
0.3424,0.6582,-0.3059,2.1416,-1.9597,7.7249
-0.1284,0.1927,-0.0261,2.1045,-1.7897,7.1706
-0.5172,0.2641,0.2539,2.4325,-2.0626,8.1535
-0.3064,0.1745,0.2044,2.9353,-2.4636,8.4922
-0.0104,0.1391,-0.0226,2.0159,-2.3631,8.2468
-0.1823,-0.3714,0.2705,2.4696,-2.4026,8.1032
-0.2467,0.1516,0.1777,3.2621,-2.8036,8.5724
0.0317,-0.1151,-0.2385,2.4672,-2.6983,8.4276
-0.0533,-0.1047,0.2358,2.4852,-2.5175,8.2528
-0.0823,0.0192,0.1188,3.0155,-2.5821,8.3785
-0.0685,-0.0429,-0.1346,2.6276,-2.6540,8.1463
0.0421,0.0035,-0.0797,2.2757,-2.6719,8.3653
0.1242,0.0490,0.0584,2.3224,-2.5031,7.8685
-0.0365,0.0051,0.1628,2.7461,-2.5534,7.6052
-0.0576,0.1591,0.0589,2.7629,-2.6324,8.0074
-0.0109,-0.1063,0.0456,2.6169,-2.4636,7.9069
-0.0224,0.0682,0.0274,2.5905,-2.4529,7.8219
-0.1228,0.0192,0.0536,2.5355,-2.6276,7.8853
-0.1929,-0.1426,0.0565,2.7761,-2.8503,8.2217
-0.0730,-0.0911,0.0533,2.7162,-2.7390,8.3055
-0.0141,-0.1069,0.0445,2.6779,-2.5043,8.3258
0.0815,0.0357,0.1311,2.6600,-2.4636,7.8829
-0.0152,0.0410,0.1122,2.7904,-2.6564,7.6028
-0.0485,-0.0309,0.1255,3.0646,-2.7007,7.9152
-0.0517,-0.0770,0.0621,3.2034,-2.6911,7.9236
-0.1298,-0.0885,0.0637,3.2154,-2.7282,8.1092
-0.0461,-0.1228,0.0013,3.1196,-2.6947,8.2456
0.0525,-0.0871,0.0051,3.1268,-2.5546,7.7907
-0.0125,-0.0418,0.0653,3.1137,-2.6013,7.5944
-0.0906,0.0592,0.0975,3.3495,-2.7557,7.7357
-0.0530,-0.0064,-0.0280,3.1484,-2.7797,7.9954
-0.0389,0.0155,0.0576,3.2070,-2.7222,7.8195
0.0189,0.0461,0.0501,3.4560,-2.5534,7.6028
-0.1314,0.1058,-0.1250,3.1675,-2.7019,7.8362
-0.0488,-0.0160,-0.0437,2.8814,-2.7390,8.0361
0.0120,0.1231,0.0933,3.1603,-2.7330,7.8063
0.0011,0.0325,0.0072,3.4812,-2.6468,7.7500
0.0075,0.0709,-0.0805,3.5853,-2.5414,7.7141
0.0533,0.1612,-0.1780,3.4788,-2.3343,7.6136
-0.0024,0.3344,-0.0461,3.4848,-1.9561,7.6016
-0.4882,-0.2132,-0.2340,3.4824,-2.2960,9.6462
0.0421,-0.0333,-0.2702,4.9057,-2.8060,10.3561
0.8316,0.1191,-0.3301,4.1539,-2.6743,9.9659
0.5486,-0.4000,-0.8354,2.9868,-1.5957,8.6838
0.6566,-0.4002,-0.1671,2.2829,-0.8679,8.8729
0.4077,-0.4365,0.8756,4.2425,0.2466,6.9168
0.4866,0.5969,0.6981,4.9895,-0.9637,5.9999
-0.5169,0.6065,-0.2316,3.4285,-1.2426,6.3470
-0.1021,-0.6843,-0.2118,3.7134,-2.6456,7.0713
0.1167,-0.5953,-0.0965,4.0666,-3.1017,7.1946
-0.5684,-1.7347,-0.5111,4.3299,-2.2158,8.2265
-0.8274,0.8279,-0.9574,3.2417,-2.2517,9.4583
1.3667,0.3219,0.2958,3.5913,-1.1696,7.4819
-0.0874,-0.3216,0.2180,5.3307,-0.8942,6.0454
-0.2372,0.6424,-0.3696,4.2018,-1.0463,7.1036
-0.4831,-0.4261,0.0530,3.9600,-1.1289,7.6674
-0.0802,0.2686,0.1935,4.7405,-1.2617,7.7417
0.0962,-0.0035,0.0376,4.7621,-1.2198,7.5034
-0.0592,0.1463,-0.0456,4.4520,-1.2067,6.9923
-0.1815,-0.1545,0.1529,4.8530,-1.2821,7.5956
-0.1625,-0.2036,0.0155,5.4289,-1.4401,7.7979
0.1596,-0.1007,-0.0861,4.8806,-1.3108,7.7632
-0.0637,-0.5252,0.0096,5.0218,-1.2258,7.2844
0.0941,-0.1108,0.0226,5.3642,-1.3024,7.2700
-0.0685,-0.0650,-0.0749,5.1475,-1.1576,6.8594
-0.2393,-0.6526,-0.0330,5.1463,-1.1648,6.9791
-0.2915,-0.6576,-0.0024,5.2170,-1.1708,6.5278
-0.5852,-1.9913,0.1537,4.4819,-1.4892,7.8530
-0.1340,-2.2607,0.6765,6.1758,-1.8543,6.9121
0.0903,-2.0296,0.7208,7.5513,-2.2936,6.7121
0.6949,-1.7421,0.3469,8.7640,-2.5379,5.1176
0.9443,-0.5737,0.4080,8.3462,-2.2326,4.4939
0.6563,-1.3864,0.5590,8.6921,-2.1033,3.7134
0.7173,-0.8607,0.5145,9.7504,-2.5881,2.9784
0.7981,-0.8724,0.4557,9.8019,-2.3200,2.5534
0.7490,-0.8303,0.3040,10.1442,-2.5019,2.2314
0.5702,-0.9129,0.0669,9.6343,-2.4565,1.8842
0.7959,-1.0107,0.2739,9.9180,-2.5115,1.6879
0.9870,-0.6734,0.0981,10.0149,-2.4157,0.5303
0.8663,-1.1956,0.1599,10.0317,-2.3248,0.4609
0.6821,-0.4381,-0.0021,10.7715,-2.4612,-0.4633
0.5937,-0.7253,-0.1857,9.7815,-2.1105,0.4513
0.8068,-0.6590,-0.1324,10.2592,-1.9465,-0.9481
1.4328,-0.8247,-0.2896,10.2735,-1.7861,-0.8440
0.6323,-0.7440,0.0520,10.3525,-1.4880,-0.8068
0.5207,-0.5822,-0.0157,11.3485,-2.2350,-1.0750
1.0253,-0.1135,-0.5462,10.2759,-1.7693,-1.7945
0.6310,0.0240,-0.4354,9.9204,-1.4030,-2.4780
0.3187,-0.3142,-0.3773,11.0468,-1.4868,-2.2122
0.5638,-0.2419,-0.6667,11.2264,-1.2833,-2.8479
-0.2156,0.2193,-0.8087,11.5389,-1.1037,-3.2968
0.3496,0.1577,-1.2969,10.6638,-0.4058,-2.9413
0.4213,0.2270,-0.9188,10.8254,0.3376,-2.6480
0.2968,0.3864,-1.2287,11.1211,0.8811,-2.8611
-0.0341,0.2249,-1.2406,10.6255,1.3791,-1.8878
0.1676,0.7903,-1.8325,10.5704,2.2625,-0.2610
0.2739,0.0389,-1.8109,9.7157,2.8718,-3.1556
-0.4231,0.5121,-1.2057,7.5334,4.2545,-1.9501
-0.2318,0.1210,-1.0770,9.2668,4.4329,-1.1696
-0.5068,0.3595,-1.0781,8.4791,4.8758,-2.1153
-0.5910,0.2832,-0.9936,9.1219,4.9045,-0.9481
-0.6829,0.2814,-1.7587,7.6950,5.4396,-1.5874
-1.1215,0.4138,-1.6979,6.3746,5.8766,-0.3268
-0.9731,0.2798,-1.3486,5.6695,6.4643,0.6464
-0.8122,-0.2611,-1.1125,5.2768,6.8582,1.0750
-0.7005,0.2188,-1.1916,4.7094,7.1287,0.9385
-1.0030,-0.1085,-0.8617,4.8770,7.2915,2.0997
-0.7536,0.2617,-0.8553,4.6699,7.6184,2.2063
-0.8367,0.2667,-0.9286,3.8894,7.5226,2.2685
-0.9118,0.3453,-0.7855,2.0207,7.5334,2.7629
-1.2897,0.1138,0.0245,2.7246,7.0832,3.2741
-1.5010,0.3344,-0.8394,2.9389,6.2896,4.4209
-1.4458,0.2867,-0.7298,1.4641,6.7217,5.4097
-1.0054,0.0298,-0.4623,0.6728,6.3590,5.2924
-1.1045,0.1047,-0.3427,1.8759,5.5881,5.9436
-1.4298,-0.0133,-0.2094,1.0786,5.7329,6.3195
-1.0131,0.2089,-0.3064,1.6448,5.1092,6.5302
-1.2204,0.1580,-0.1319,0.5279,4.6627,6.2572
-1.3888,0.1077,0.4226,1.5443,4.1084,7.2844
-0.8543,0.0109,-0.0818,3.0981,3.7134,7.1431
-1.2889,-0.0266,-0.2358,2.0710,3.5410,6.6152
-1.4053,0.2190,-0.3091,1.5095,2.4146,6.9049
-1.7824,-0.4919,-0.3267,0.0790,1.4820,8.0206
-1.9364,-0.0978,0.2225,0.5459,0.1772,9.2608
-1.8548,-0.5300,0.1130,0.6584,-0.7219,9.4284
-2.0619,0.0624,0.8831,-0.0012,-1.2234,7.4555
-2.4904,-1.0240,1.3771,3.1173,-3.2609,11.3725
-0.5052,-0.5111,1.0064,4.1779,-3.6763,10.3286
-0.4815,-0.2635,0.1436,3.1280,-3.0287,8.3246
-0.5854,-0.2894,0.8084,3.0885,-3.4955,8.3378
-0.3752,-0.4146,0.3528,3.7505,-3.8642,8.4587
-0.1916,-0.4346,0.4104,3.0706,-3.9241,8.0385
-0.2449,-0.5207,0.3960,2.5786,-3.9959,8.0050
0.0935,-0.7272,0.8956,2.7066,-4.3898,7.7369
0.1745,-1.0275,0.8447,3.4165,-4.3706,7.1407
0.5508,-0.7994,1.0922,3.0454,-4.5226,7.7237
0.5841,-0.4836,1.2937,4.9321,-4.2569,7.1575
0.6800,-0.5017,0.4783,4.6591,-3.9708,7.0461
0.0778,-0.3373,0.9379,4.0223,-3.9468,7.2293
-0.0152,0.1050,0.8926,4.8818,-4.0821,7.4974
0.2230,-0.0669,0.5476,4.4843,-4.1623,7.3083
0.3912,0.0557,0.6235,3.3375,-4.7848,8.1678
0.5846,0.0179,0.9763,4.1096,-4.0917,6.9791
0.0818,0.0477,0.8524,5.4983,-3.8427,6.7672
-0.0424,-0.1809,0.3168,5.4803,-3.9421,7.2006
0.2254,0.0448,0.2081,5.4935,-3.9744,6.6176
0.0093,-0.0053,0.0365,5.3606,-3.9983,6.4679
-0.1207,0.0512,-0.2425,4.4640,-3.8295,7.0402
0.0173,0.0160,-0.1700,4.1348,-3.8451,7.2903
-0.0072,0.2627,-0.2627,3.4273,-3.7721,7.2808
-0.0727,0.4423,-0.0338,3.5686,-3.6129,7.4831
-0.1450,0.4453,-0.2817,2.9556,-3.8188,7.8111
-0.0408,0.0778,-0.0679,2.2637,-3.8798,7.5681
-0.0163,0.1466,0.1572,2.9880,-4.6807,7.3430
0.7658,0.8745,-0.0461,2.8299,-4.0749,6.1160
0.5638,0.5052,0.1796,2.4924,-2.9808,6.0681
-0.1383,0.2206,0.2582,2.7210,-2.6827,7.2532
-0.3579,0.8058,-0.3144,2.4588,-3.1544,8.4934
-0.0959,0.7458,-0.0165,2.2661,-3.6093,9.6091
0.5825,0.1378,-0.1455,2.5833,-3.1077,8.9675
0.4698,-0.0147,-0.1356,2.1679,-2.9509,8.5102
0.7109,-0.5822,-0.1889,2.1835,-2.0674,8.0900
0.3179,-1.0813,-0.8727,1.6664,-1.6113,8.5078
0.7480,-1.7411,-0.5796,2.8551,-0.7638,8.6874
0.7253,-0.2433,0.1961,4.9309,-0.8284,8.1726
-0.4538,-0.8252,0.0024,5.0613,-0.6823,9.0369
0.0703,-0.5582,-0.5841,3.7589,-1.3958,8.9842
0.7528,-0.2302,0.1306,3.9947,-0.9984,6.5996
0.3014,-0.2382,0.2992,4.4616,-0.3699,5.6156
-0.3552,-0.8628,0.4378,5.3738,-0.2035,6.5206
-0.1242,-0.8908,0.2340,5.6982,-0.5614,6.6379
0.0203,-0.4660,0.1124,6.5972,-1.1396,6.2872
-0.1644,-0.1151,-0.0413,6.2560,-1.1313,6.8462
-0.0946,-0.0061,-0.0280,5.8682,-0.9493,7.2197
0.0661,0.0426,0.0799,5.9831,-1.0139,7.0533
-0.0099,0.0224,0.1343,6.5074,-1.4676,6.8750
-0.0147,0.0517,0.0970,6.7229,-1.1528,6.8438
0.1255,-0.0368,-0.0605,6.3063,-0.8631,6.6200
-0.0658,-0.0397,0.0898,6.3231,-1.1648,6.6870
0.0218,0.0059,0.0951,6.4871,-1.0714,6.8247
0.1130,0.0365,-0.0059,6.2489,-0.9134,6.4655
0.0365,0.1204,0.0810,6.0789,-0.8799,6.3123
-0.1404,-0.0504,0.1647,6.3985,-1.0798,6.5230
-0.0187,-0.0021,0.0410,6.5110,-0.9661,6.9564
0.0386,-0.0032,0.0727,6.2537,-0.8452,6.5182
-0.0786,0.0751,0.1356,6.5481,-0.9876,6.4045
-0.0954,0.0565,0.0107,6.4356,-1.0594,6.6068
0.0488,0.1511,-0.0027,6.2991,-1.0726,6.5278
-0.0871,0.1713,0.0839,6.5637,-0.9529,6.3063
-0.2449,0.2691,-0.0618,6.3662,-1.0104,6.9587
-0.2467,0.6800,0.0624,6.3566,-0.6883,7.5130
-0.1852,0.5473,0.3131,5.9999,-0.6740,8.2863
0.0450,-1.1493,0.3411,7.1024,-0.6369,8.9136
-0.5577,-2.0121,-0.8620,9.3051,-0.9038,6.4655
0.8380,0.7786,0.1628,6.1292,-0.2981,7.2437
0.7962,-0.2481,0.4082,8.0481,-0.6740,4.3060
-0.7461,-2.7653,-0.0221,8.9950,-1.3192,5.1535
-0.0493,0.6917,-0.3360,7.7704,-1.0403,5.4624
0.0941,1.3235,-0.1194,5.0925,-0.3735,5.8885
-0.1553,3.0571,0.2537,5.0242,-1.0582,4.6866
0.0925,3.5242,1.0547,5.6958,-1.8483,5.4241
-0.7245,0.6395,-0.4154,4.1922,-2.8994,7.2101
-0.9438,-0.8252,-0.5705,4.5801,-2.6564,8.0170
-0.3515,-0.2118,-1.0168,3.4632,-2.4553,8.6407
0.6752,2.2884,-0.0173,3.2932,-1.7238,8.6598
0.2001,1.0592,-0.2803,1.8627,-1.2641,8.7113
0.6440,0.7298,0.0064,4.4377,-0.9218,7.4867
0.0059,0.6512,-0.3581,2.6516,-0.8906,8.5042
0.1423,0.6262,-0.7256,0.5387,-1.6137,9.3039
0.3291,1.1762,0.3158,2.6049,0.7278,8.3606
0.2164,-1.1026,-0.0826,2.9125,-0.5758,8.9567
-0.4852,-0.1828,-1.1564,3.4979,-0.3472,7.4903
-0.0842,0.0450,-0.3030,0.0239,0.5686,8.7987
-0.2766,-0.1801,0.2196,2.4289,-0.3519,8.5305
0.0504,-0.5950,0.2505,3.7757,-0.5710,8.2025
-0.1119,-0.4122,-0.0485,3.6476,-0.1856,7.9523
-0.2257,-0.3515,0.0061,3.2453,-0.7494,8.1367
-0.3030,-0.1887,0.0815,3.8583,-0.6381,8.1104
-0.1466,-0.1977,0.2177,3.6955,-0.6740,8.1678
-0.2582,0.0035,0.2502,3.7912,-0.9134,8.0529
-0.0429,-0.1820,0.2611,3.9971,-0.8631,8.1259
-0.1972,-0.1244,-0.0618,4.7405,-1.0487,7.8626
-0.2995,-0.0085,-0.2678,4.0175,-1.1911,7.8099
-0.3019,-0.2081,-0.0600,4.2114,-1.0223,7.4412
-0.5057,-0.4509,-0.2057,4.3790,-1.3024,7.9523
-0.5057,-0.1545,0.1042,4.4005,-1.4162,7.9631
0.0248,-0.8804,-0.1769,4.0989,-1.5383,7.8518
-0.1988,-2.1557,-0.2920,4.6483,-1.5371,7.2772
-0.1322,-1.7914,0.0171,5.6024,-1.3467,6.8606
-0.2950,-2.7627,0.1705,5.9185,-1.6197,7.1407
0.0626,-3.0811,0.4892,8.0529,-2.6707,4.9967
0.6233,-2.4328,0.2206,8.5198,-2.0423,4.6819
0.5923,-2.2711,0.0488,9.3877,-1.8543,2.3140
0.3941,-1.9748,0.3275,9.5660,-1.8040,1.9704
0.5620,-2.2529,0.3637,10.1119,-2.1332,0.9182
0.7879,-1.4485,0.2974,10.6638,-2.3260,-0.0658
1.2596,-1.4376,0.1847,10.1382,-2.4146,-1.0068
1.0579,-1.8482,0.1292,10.3633,-2.6264,-2.1703
1.1652,-1.3712,-0.1426,10.5093,-2.6743,-3.4141
0.9190,-1.3033,-0.2918,10.2879,-2.6755,-3.6284
1.2542,-0.8266,-0.4048,10.2855,-2.7641,-4.1839
1.2052,-0.6792,-0.4607,10.3166,-2.7497,-4.9668
0.6590,-0.6952,-0.6230,9.6426,-2.6947,-4.3096
0.9507,0.1567,-0.5041,9.8282,-2.5067,-4.8363
0.6683,-0.2774,-0.6592,9.7971,-2.3475,-4.6412
0.7005,-0.0461,-0.6808,9.7109,-1.9213,-5.9304
0.5505,-0.0181,-0.6187,9.3434,-1.5694,-6.3626
0.3011,0.1719,-0.5593,10.2927,-1.6137,-5.7401
0.4708,0.8828,-0.9166,10.9176,-1.5012,-6.1208
0.2427,0.9595,-1.0960,10.0377,-1.0367,-5.0338
0.1463,0.9206,-0.9968,10.5656,-0.5387,-3.7086
0.5756,1.6710,-1.2500,11.0935,0.0563,-4.1084
0.3653,1.0994,-1.3829,10.7967,0.7135,-2.7593
0.2483,1.0280,-1.6129,10.5070,1.5634,-1.9046
0.7205,0.9385,-1.4312,10.3046,2.4122,-1.7154
0.5606,0.4698,-1.2545,9.8246,2.8683,-1.3467
0.1977,1.2796,-1.6715,11.1534,3.3519,-3.1843
-0.4916,1.3936,-1.9697,8.1942,3.8152,-0.7661
-0.0181,0.9603,-1.4077,7.1251,4.8159,-0.6273
-0.1719,0.6392,-1.3811,7.4460,5.4731,-0.7242
-0.5652,0.3144,-1.6158,6.8127,6.2489,0.2705
-0.2670,0.3896,-1.4941,6.4631,6.4631,1.4150
-0.4988,0.0322,-1.6760,4.3551,6.9791,1.3204
-0.5966,0.0195,-1.3680,5.1020,6.7349,2.5857
-0.1711,-0.2675,-1.6118,3.7098,7.5705,1.4653
-0.6163,-0.0285,-1.3784,3.4201,7.7740,0.5315
-1.0784,0.2057,-1.6065,1.7430,8.1379,1.1708
-1.2215,0.4509,-1.2217,1.4329,7.4627,2.4193
-1.4165,0.5502,-1.1511,1.1432,7.4460,2.8850
-1.6161,0.3048,-1.2777,-0.3555,6.9695,4.1982
-1.4362,0.4557,-1.0251,-1.2605,6.4093,5.2912
-1.3574,0.2361,-0.4834,-1.0930,5.8742,5.5282
-1.1836,0.0911,-0.3376,-1.5215,6.1124,5.2397
-1.3694,-0.4991,-0.0570,-0.4298,5.2038,5.9388
-1.2020,-0.2185,-0.1479,0.3711,4.5131,5.9556
-1.2223,-1.6036,-0.7605,-0.8691,4.2653,8.2013
-0.8356,-0.2870,-0.3768,-0.2550,3.4548,7.7656
-1.1532,-1.1634,-0.5526,-1.0977,3.2202,7.0964
-1.5447,-0.5332,0.2443,0.2370,2.7976,7.7309
-1.5950,-0.7690,-0.1591,0.6225,1.4138,8.7987
-1.3659,-0.7871,0.0727,0.1760,1.6197,8.9639
-1.5521,-0.9252,0.0242,1.1444,0.3795,9.1949
-1.2820,-0.5676,0.9894,1.6604,-0.5148,10.0904
-0.8737,-0.5484,0.8426,2.8886,-0.7985,9.1877
-0.7602,-0.3256,1.1716,2.6504,-1.3096,9.3553
-0.5812,-0.4655,1.3150,3.6907,-1.9094,8.9399
-0.5569,-0.5476,1.1290,2.8240,-1.8806,8.9555
-0.5870,-0.6880,1.3339,3.4931,-2.6552,8.6838
-0.4285,-0.4759,1.4075,3.5482,-3.1316,9.2021
0.2449,-0.5433,1.1548,5.4648,-3.5386,8.3270
0.2888,-0.5007,0.3291,3.7493,-3.0155,7.7692
-0.1143,-0.2438,0.8306,3.8858,-3.2070,7.8051
0.0677,-0.2246,0.7250,4.4412,-3.4369,8.4635
0.3104,-0.0605,0.5345,4.4544,-3.4836,8.6251
0.4423,-0.0493,0.4914,4.8303,-3.4165,8.0768
0.5716,0.1839,0.5095,4.4891,-2.9006,7.9344
0.4306,-0.1647,0.9441,6.0082,-2.4912,7.2676
0.4301,-0.0365,0.2561,5.9759,-2.4050,6.7564
0.0954,0.1908,0.3571,5.4708,-2.0554,7.1539
0.4607,-0.0549,0.2004,5.4648,-2.1751,6.5517
-0.0195,0.0272,0.1591,5.4073,-1.9130,6.7828
-0.1132,0.0733,-0.2158,4.4939,-2.1679,7.4328
0.0496,-0.0149,0.0171,3.7948,-2.1883,8.2109
0.2110,-0.0149,0.1673,4.3838,-2.2374,7.6567
0.0701,0.0424,0.0163,4.1288,-1.9920,7.5884
0.0184,0.0117,0.1599,4.1731,-2.0662,7.5860
-0.0290,0.0008,0.0464,4.0091,-2.1428,7.6064
0.0349,0.0592,0.1777,3.7350,-1.9417,7.5848
0.0253,0.1628,0.1881,4.0498,-2.0997,7.7321
0.0751,0.1745,0.0671,3.8834,-1.9273,7.4065
-0.0298,0.3336,0.0608,3.7242,-1.9333,7.2760
-0.1079,0.0831,0.0943,3.6428,-1.8591,7.6650
-0.0655,0.2313,0.1596,3.8882,-1.9537,8.0816
-0.0141,0.1988,0.0506,4.0630,-2.1440,7.8889
-0.1196,0.2281,-0.0509,3.4524,-2.1153,8.0577
-0.0549,0.0938,0.0322,3.4345,-2.2673,7.9619
0.0314,0.0261,-0.1996,3.1029,-2.3200,7.6878
0.1322,-0.0298,0.0823,2.3260,-2.2673,7.0725
0.4042,-0.1146,-0.0882,2.4481,-2.3008,6.6643
-0.3712,0.3203,0.0136,3.5123,-1.8435,8.0433
-0.7317,1.1261,0.2790,3.8164,-2.2494,7.9080
-0.5137,0.4399,-0.1140,3.6595,-2.6959,9.3458
-0.0711,0.4858,0.1148,3.0335,-3.2705,9.1063
0.2939,-0.1828,-0.3139,3.2932,-3.1472,8.1475
0.2521,0.0488,-0.3118,2.1464,-2.2278,8.8430
0.3011,-0.4303,-0.5188,2.6264,-2.0698,7.6315
0.0293,-0.1689,0.0400,3.1400,-0.9349,7.5525
-0.4253,-0.0930,-0.0589,3.0682,-1.3216,8.4084
0.1452,-0.4788,-0.0397,2.3032,-0.8056,9.2548
0.2430,-0.3421,0.3762,4.3838,-0.9601,8.2169
0.1951,0.6472,0.0496,3.6033,-1.0714,7.6064
0.0501,0.3816,-0.2529,2.8886,-1.7885,8.1199
-0.2467,0.0405,0.0187,2.7677,-1.9609,8.4862
0.0176,0.2952,0.1993,3.0311,-1.5766,8.5772
0.1034,0.5814,0.1788,3.1400,-1.5730,8.2851
-0.0309,-0.2006,-0.0687,2.6432,-1.6975,8.4240
-0.0405,0.1748,0.3371,3.2214,-1.6819,8.3953
0.1895,0.2012,-0.0067,2.9305,-1.6101,8.3079
0.0061,0.0296,0.0085,2.8491,-1.4772,8.2097
0.0269,0.1820,-0.0288,2.6707,-1.4748,8.2887
0.1727,0.1410,-0.0256,2.4983,-1.1971,8.0014
-0.1095,0.2100,0.0354,2.5702,-1.1815,7.7919
-0.1769,-0.0938,-0.0698,2.3846,-1.6496,8.6191
0.1053,0.2276,-0.0354,2.1261,-1.5502,8.4025
0.1721,0.0365,-0.0674,1.8507,-1.0247,7.7357
-0.3211,0.1172,0.1604,2.4337,-1.2857,8.1977
-0.1687,0.0842,0.1620,2.6109,-1.4461,8.7113
-0.0624,0.1410,0.1188,2.6324,-1.5562,8.5641
-0.0791,-0.0160,0.1236,3.0323,-1.2953,8.9076
-0.1855,0.0506,-0.0549,3.3255,-0.9996,9.4344
-0.2401,-0.2971,0.0770,3.3591,-1.1349,10.6123
0.4362,0.0738,-0.0378,3.8918,-1.9213,9.9814
0.9153,0.3539,-0.2931,2.3200,-0.2382,8.6012
0.7522,1.0408,-0.5891,1.3994,-0.1784,6.4129
-0.2060,-1.1655,-0.2393,0.8703,0.5195,10.0796
0.7461,0.8391,0.8431,3.2382,-0.4070,7.9092
-0.3072,-0.2294,0.2156,2.4924,1.3012,7.8518
-0.1759,-0.1796,-0.1426,2.5917,-0.3124,6.1495
-0.1972,1.3139,-0.1492,2.3379,-1.5538,6.1208
-0.6917,-1.4642,-0.1247,2.3296,-1.9920,8.2756
-0.5985,-0.3656,0.2110,4.7716,-2.7773,9.1638
-0.0032,0.1820,-0.9958,3.1663,-2.9580,8.7927
-0.2196,0.8527,-2.2711,-2.0219,-1.5119,8.7424
0.3834,0.4351,0.9731,0.5363,-1.2617,7.6507
-0.4045,-0.4666,0.7938,2.7473,-0.8104,7.9176
-0.2643,0.2244,-0.1879,3.2154,-0.8954,9.3362
0.3003,-0.1372,-0.0898,1.7083,-1.1480,8.7736
0.2358,-0.3262,0.2334,2.1141,-0.9230,8.2408
0.0687,-0.0927,0.3512,3.0023,-0.6680,8.2552
-0.1061,-0.1468,-0.0181,3.2142,-0.7063,8.3905
0.0155,-0.1098,0.0229,3.0227,-0.6835,8.4120
-0.0109,-0.0128,0.0464,2.9712,-0.7015,8.0924
0.0408,0.0083,0.0773,2.8826,-0.7697,8.2492
-0.0831,-0.3272,0.1085,2.9401,-0.5997,8.3402
-0.0626,-0.3627,0.1423,3.3830,-0.6333,8.5114
-0.0842,-0.5569,0.1356,3.8415,-0.6129,8.4539
0.1527,-0.7200,0.0679,3.4644,-0.5734,8.3558
0.0016,-0.7005,0.0250,3.9133,-0.8511,7.9296
0.1943,-0.4381,-0.0911,3.1615,-0.7230,7.0569
-0.4796,-1.5359,0.2625,3.4453,-0.6716,7.7261
-0.1239,-0.0266,0.4199,5.4121,-1.1768,7.7800
0.3331,-0.0759,0.3962,6.2620,-0.7482,6.8977
0.0408,0.0266,0.0997,6.1292,-1.1061,6.4476
-0.2073,-0.0719,0.1058,5.8694,-0.9972,7.0162
-0.0163,0.1146,0.1876,6.4153,-1.0319,7.3298
-0.0448,0.2052,-0.1684,5.9711,-0.9278,7.0916
-0.1332,-0.0544,-0.0957,5.5210,-.2565,-5.3415
0.5654,-1.4674,0.1103,10.5381,-1.4712,-6.3710
0.0293,0.4562,0.7501,5.5258,4.1815,-1.0415
0.1500,-0.8005,1.8666,6.9815,3.2956,-1.4688
-0.0226,-0.5212,2.2849,11.4168,1.9213,-1.0044
0.2483,-0.5886,1.0155,12.0931,1.1791,-1.7849
0.4620,-0.0093,0.3773,12.3481,0.5267,-2.6193
-0.0871,-0.0211,0.0498,12.0799,0.7410,-2.9856
-0.0778,0.0757,-0.5057,11.6693,0.9625,-1.6580
0.3976,0.4247,-0.7043,11.7699,0.5806,-1.8938
0.4644,0.4128,-1.0765,11.7364,0.5662,-3.3531
0.5665,0.5995,-1.5010,10.8936,0.9673,-3.5003
0.1202,0.5718,-1.5929,11.0816,1.5658,-3.7170
0.2785,0.6454,-2.1988,11.1055,1.9369,-3.6260
0.1074,0.7077,-2.5271,9.1734,3.1891,-3.2489
-0.6688,0.7493,-2.5703,8.0541,4.4532,-3.0502
-0.8039,0.4498,-2.5250,6.6415,5.8263,-0.6141
-0.8367,0.4612,-2.2220,6.0346,6.7002,-0.0144
-0.5998,0.0935,-2.1448,5.1176,7.4508,1.0534
-0.8135,0.2758,-1.9966,3.4943,8.1367,0.0646
-1.4424,-0.3837,-1.6907,1.5658,8.1965,1.2917
-1.3315,-0.2678,-0.8068,1.7502,8.1355,2.1213
-0.7759,-0.6129,-1.0014,0.7865,8.1690,2.9353
-0.8604,-0.1156,-0.3685,1.2737,8.0852,2.5271
-1.3699,-0.5574,-0.7701,1.0235,8.2361,3.2034
-1.9015,0.1258,-0.6947,0.6524,7.5106,4.7250
-1.4432,-0.0163,-0.8761,-0.0048,6.9504,5.0494
-1.3805,0.4053,-0.4602,-0.4441,6.5673,5.9628
-0.9992,0.0059,-0.2497,-0.5447,6.2979,5.3319
-1.1938,-0.0389,-0.0272,-0.2981,6.4691,5.5881
-1.4821,-0.0381,0.0264,1.1253,5.0661,6.4859
-1.1639,0.4895,-0.1729,0.4166,5.0147,7.6088
-1.0584,1.3166,-0.2435,-1.1672,4.3155,6.2058
-2.0949,0.2001,-0.0767,-1.3060,3.9995,7.0090
-1.4189,-0.2848,-0.1892,0.2310,2.8718,8.3677
-0.9963,-0.4032,-0.5604,-1.1839,2.5522,9.0776
-1.1285,-0.3898,-0.0288,-1.0965,1.7885,9.2668
-0.8596,-0.3264,0.1383,-0.8894,1.4413,8.3103
-1.3600,-0.5215,0.4506,-0.7003,0.8918,7.9428
-1.5114,0.5801,0.4940,-0.8978,-0.4274,6.8486
-2.4259,-0.3464,0.8593,-0.1736,-1.4653,9.3254
-0.9851,-0.3075,0.8823,0.3867,-1.9764,9.9790
-0.4517,-0.6800,0.8836,0.7697,-2.2434,9.6331
-0.1849,-0.5223,0.6880,0.6883,-2.4301,8.8310
-0.2417,-0.6696,0.7610,0.4824,-2.4146,8.8981
-0.1908,-0.5726,0.9601,1.3144,-2.6731,9.1135
-0.0725,-0.3651,0.7597,1.6017,-2.4445,8.7963
-0.1903,-0.5076,0.7538,2.1799,-2.7653,8.9220
-0.0165,-0.3285,0.5710,1.5311,-2.7426,9.2356
0.0600,-0.0789,0.9465,1.9620,-2.7593,8.9447
0.2129,-0.2430,0.8524,1.9860,-2.8000,8.7747
0.1996,0.0544,0.9355,2.6719,-2.8276,8.6084
0.1191,0.1332,0.6094,2.3930,-2.5774,8.3785
0.3813,0.0072,0.8932,3.3806,-2.1452,7.1730
-0.7005,-0.0821,0.4671,4.1659,-1.6783,8.3163
-0.1250,-0.1375,0.2038,4.0259,-2.2087,9.0740
0.1809,-0.1868,-0.0759,2.8814,-2.3643,8.3677
-0.0029,-0.1108,0.0344,2.5750,-2.3750,8.0924
-0.1591,-0.0965,-0.0504,2.4289,-2.3260,8.5688
0.0600,-0.1292,-0.0485,2.1368,-2.3044,8.5653
0.0189,-0.0285,0.0008,1.9465,-2.3535,8.4839
0.0594,-0.0594,0.0565,1.8052,-2.3583,8.1882
0.0879,0.1482,0.2388,1.9932,-2.3032,8.0182
-0.1881,-0.1077,0.1711,1.9668,-2.3092,8.2349
-0.2864,-0.4610,0.3235,2.1416,-2.6145,8.9052
0.4932,-0.4895,0.3613,3.5769,-2.6671,8.1487
0.7485,1.0094,0.0989,3.3914,-2.1572,6.9887
0.0959,0.0957,-0.2254,2.3631,-1.4293,7.7524
-0.0810,-0.5244,-0.5185,2.1512,-1.7274,8.6323
-0.3387,0.5670,-0.3960,1.6831,-2.1320,8.4803
0.0253,0.4724,-0.3629,1.2163,-2.0327,8.4994
0.2209,-1.5055,-0.3397,0.7015,-1.5119,8.6538
0.7967,-0.8737,0.0754,3.8080,-1.6688,5.7988
0.6307,0.4231,0.3128,3.2465,-1.2534,9.1686
-0.1327,-0.7922,-0.1388,4.1671,-0.6177,8.0086
0.2521,0.3624,0.1236,3.8223,-0.3663,8.1403
-0.2196,-0.0440,0.1415,4.2713,-0.6644,7.7788
-0.6206,0.3730,-0.3352,3.3926,-1.1169,8.4755
-0.4109,-0.0075,-0.0381,3.2178,-0.9505,8.7544
-0.0922,-0.0629,-0.1074,3.8702,-1.3012,8.1666
-0.0568,0.3003,-0.0674,3.8092,-1.2845,8.2444
-0.1506,-0.0943,-0.2518,3.5243,-1.5778,7.9428
0.1463,0.3166,0.0613,3.3531,-1.1648,8.1487
-0.2241,-0.1322,0.0437,3.8834,-1.0487,8.0900
-0.2308,0.5572,-0.1631,3.3399,-1.1456,8.3570
-0.4343,0.4311,0.0394,2.8539,-1.3563,8.6921
-0.0757,-0.0362,0.0123,3.1508,-1.4210,8.3234
0.0136,0.2100,-0.1218,3.5398,-1.5874,8.0613
-0.0253,0.4277,-0.4660,2.5402,-1.6305,7.9930
-0.2571,1.2321,-0.5566,2.2146,-1.2833,6.9025
-0.8599,-0.6771,-0.1500,2.0818,-1.4437,8.4671
-0.2140,0.0410,-0.1218,3.0610,-1.9417,8.4659
0.7029,0.3235,0.1282,2.8156,-1.5706,8.0445
-0.0674,-0.0490,-0.0493,2.8946,-1.5610,8.3450
-0.2707,0.0016,0.1420,2.6899,-1.5371,8.6095
-0.1271,0.2441,-0.0605,2.6444,-1.7250,8.4144
-0.2278,0.1927,0.2342,2.8934,-1.6400,8.0469
-0.9601,1.3683,0.2388,2.0925,-2.3092,7.8290
-0.3898,0.2603,0.1287,1.6508,-2.6348,8.7053
-0.2308,0.4559,0.0211,1.3324,-2.7390,8.5665
-0.0751,0.0053,0.0021,0.8571,-2.6839,8.3426
-0.0973,0.2649,0.2976,1.6975,-2.7845,7.8793
-0.2942,0.3094,0.5135,0.7123,-2.8000,8.4671
-0.0546,-0.0895,0.6166,1.0487,-3.2836,8.9495
0.1316,0.1508,0.3341,2.3092,-2.9844,8.6526
0.2539,0.2137,-0.4167,1.8375,-1.7166,9.0704
0.2649,-0.1599,-0.9006,0.5962,-1.0020,10.2915
1.0874,-1.3131,-0.5169,1.0930,-1.7729,10.8050
0.7085,-0.1053,-0.7466,3.4848,-1.6831,8.1379
0.7576,-0.3062,-0.4655,1.2354,0.2382,7.8159
0.5617,-0.0759,0.3142,1.8938,0.2897,7.8901
-0.8452,0.7016,1.0387,3.8499,-0.0706,8.0086
0.4863,-1.3883,-0.4844,1.1528,-1.4150,9.1506
0.6707,-0.8545,-0.2489,2.6635,-1.4006,6.7181
0.0168,-0.3160,0.1532,2.8299,-1.2258,7.5202
0.4149,-1.6984,-0.1087,2.5881,-1.2330,7.4232
-0.1466,0.1426,1.0112,6.4596,-2.2194,7.9823
-0.7655,0.7957,-1.0078,4.2054,-2.2589,8.4132
0.0381,0.4818,-0.6670,0.7781,-0.5327,7.9751
-0.5353,-0.3269,0.6241,3.9648,-0.7266,7.4639
-0.6155,-0.1556,-0.0256,4.4137,-0.9888,8.5593
0.0762,0.0242,-0.0440,3.3255,-0.9242,8.6335
0.0549,-0.2028,0.0163,3.9732,-1.0630,7.4292
-0.2630,-0.3280,0.1162,3.9648,-0.6776,7.3658
-0.3914,-0.3315,0.0424,4.4867,-1.2402,7.8470
-0.0775,-0.0101,-0.0155,4.6627,-1.0702,7.8841
-0.0429,-0.1529,-0.0424,4.3323,-1.0666,7.5094
-0.0663,-0.0187,0.0770,4.0630,-1.2366,7.3358
-0.2667,-0.5175,0.1495,4.7142,-1.0618,6.9719
-0.5910,-0.6233,0.2308,4.7860,-1.5179,7.3490
-0.0871,-0.2348,-0.0272,5.4109,-2.0602,7.9499
-0.1556,-0.9449,-0.0560,4.1228,-1.5371,7.5238
-0.1601,-2.4664,0.2089,4.2497,-2.1548,8.8861
0.3467,-4.5275,0.5750,7.0521,-3.1795,7.9595
1.8943,-2.0240,0.7943,7.7225,-2.7402,5.8694
1.3336,-3.7028,0.3904,8.2612,-2.2829,4.0175
1.4570,-2.2047,0.5644,10.6829,-2.1021,2.6743
1.8959,-1.7024,0.3456,10.9595,-1.9609,1.5574
1.8013,-1.4333,0.0245,10.7679,-2.1991,0.3496
1.6124,-1.0866,-0.0338,10.9164,-1.9800,-0.5746
1.4386,-1.4978,-0.0778,10.7536,-1.8986,-1.6281
0.9009,-0.9955,-0.0256,11.5736,-1.9908,-2.4744
0.4413,-0.4730,-0.4218,10.8613,-1.9824,-3.4201
0.8801,-0.2065,-0.4157,10.0700,-1.7406,-2.9772
1.3350,-0.2646,-0.5076,10.4842,-1.6185,-3.0179
1.1157,-0.1908,-0.7786,10.6087,-1.3216,-3.6787
1.2854,0.4093,-0.9534,11.5041,-1.2534,-3.3124
0.9686,0.1783,-1.7126,10.8972,-0.9050,-3.0813
0.7973,0.4988,-1.3792,9.2632,0.5052,-3.5374
0.5359,0.6499,-1.1607,10.2592,1.4449,-4.1803
-0.2478,0.6067,-1.1892,9.4583,2.2075,-2.4050
0.1849,0.6251,-1.1122,9.2057,2.8874,-1.3707
0.0469,0.3989,-1.0674,9.3565,3.5482,-1.4892
0.1482,0.5287,-1.0272,8.9627,4.1120,-1.2773
-0.0386,-0.0109,-0.5204,9.3709,4.6938,-1.8112
-0.2678,0.4668,-0.8005,9.7983,4.5322,-1.6532
-0.1767,0.0783,-0.8929,9.6438,4.2042,-1.8268
-0.4146,0.2025,-1.4099,7.4998,4.6759,-2.6947
-0.7498,-0.0341,-1.0499,7.9559,4.9704,-1.7789
-0.9979,0.2595,-1.1527,7.7608,5.7796,-0.3041
-1.2593,0.1940,-1.2918,6.6906,6.0980,0.2729
-1.0658,0.3027,-1.4786,6.8019,6.1268,1.5203
-0.6115,0.9038,-1.6284,4.6962,6.6679,1.1097
-1.1362,0.1415,-0.8503,4.0893,7.8566,1.5359
-0.8199,0.1047,-0.6731,4.9273,8.0038,3.2130
-0.5393,0.5990,-1.2263,5.1284,6.6822,2.1093
-1.1772,0.1807,-0.7104,2.4864,7.5393,2.9293
-0.9944,0.2435,-0.9824,2.8276,7.5824,3.8463
-0.7605,0.5220,-0.8860,2.0063,6.8462,4.7226
-0.6925,0.2539,-0.7237,2.3894,6.8450,3.9014
-0.8863,0.1887,-0.8660,0.9720,7.1838,4.0965
-1.1154,0.2321,-0.6070,1.8184,6.7888,5.0913
-0.8532,0.4775,-0.8617,0.7733,6.4057,5.0973
-0.9470,0.0120,-0.6302,0.3268,5.9233,6.1387
-0.8543,0.5782,-0.3475,0.2849,5.6778,5.9675
-0.7517,-0.0466,-0.6038,-0.8535,5.4145,5.8143
-1.0690,0.1050,-0.1468,-0.1628,4.7262,6.1806
-1.3161,-0.0834,-0.4557,0.0084,3.9564,6.8558
-1.4829,-0.2422,-0.0933,-0.7195,4.2042,7.4136
-0.8439,-0.2340,-0.3893,0.2083,3.4177,8.3606
-0.7232,-0.0362,-0.2689,-0.5399,3.2370,7.8159
-0.9875,-0.2883,-0.2348,-0.3771,2.7904,7.6806
-1.2625,-0.2137,-0.0757,-0.1724,1.6735,7.9835
-1.6974,-0.1511,-0.1871,-0.6847,0.8045,9.3518
-1.8972,-0.2710,0.1047,-1.0104,-0.0491,10.3789
-1.2361,-0.0751,0.4375,-0.4094,-0.5686,10.8374
-0.6166,-0.3067,0.6230,1.1791,-0.7434,9.6498
-0.6358,-0.1708,0.3147,0.4058,-0.9014,9.0214
-0.7461,-0.2582,0.8540,1.1624,-1.1145,9.1578
-0.5199,-0.5598,0.5702,1.2749,-1.5538,8.9004
-0.7320,-0.3227,1.0563,1.5383,-1.7813,8.4252
-0.5433,-0.3712,0.9030,1.4844,-2.3583,9.0668
-0.3917,-0.2910,0.9172,1.8723,-2.6193,8.9807
-0.3464,-0.5233,1.0592,1.4042,-2.8982,9.4320
0.0989,-0.7011,0.9888,1.6831,-3.1532,9.0609
0.1138,-0.3168,1.1258,2.3188,-3.3674,8.5150
0.1311,-0.2609,0.9926,1.4688,-3.0287,8.5449
0.1327,-0.3981,1.3350,3.4943,-3.0347,8.4515
0.0229,-0.3288,0.7655,3.4237,-2.7438,8.5305
0.3163,-0.1116,0.7264,3.4776,-2.5654,8.5030
0.3829,-0.0986,0.5982,4.2162,-2.2565,7.6782
0.4594,0.1138,0.2025,4.3634,-2.4289,7.6435
-0.1178,-0.1087,0.1982,3.5470,-1.6903,7.6890
-0.1924,-0.3160,0.2084,4.2246,-2.2242,8.7376
0.2209,-0.0458,-0.1178,2.8958,-2.1907,8.5234
0.1074,-0.1375,0.1378,3.2896,-2.1332,7.9895
-0.0173,-0.1042,-0.1420,2.7976,-2.1883,8.3653
0.2022,0.0991,-0.0091,2.4960,-2.1584,7.8913
-0.1972,0.0120,0.0237,2.7138,-2.0303,8.0182
0.0512,0.0048,0.0218,2.5893,-1.9537,8.4587
0.0602,-0.0866,0.1143,3.0131,-1.9944,8.1104
0.0240,0.0083,-0.0493,2.9963,-2.0004,8.0565
-0.0088,0.0791,0.0096,2.3966,-1.8627,8.1271
0.1018,0.0480,0.1671,3.0909,-1.9956,7.7393
-0.1319,0.0005,-0.0296,3.1975,-1.8962,8.0074
-0.0131,0.0354,-0.0376,2.6719,-1.8340,8.2708
-0.0376,0.0903,0.1138,3.3100,-1.9668,8.1295
-0.0717,0.0368,-0.0581,2.8874,-1.9106,7.9260
-0.0053,0.1063,0.0602,2.8826,-1.9836,8.4252
0.0029,0.0485,-0.0029,2.8730,-1.8783,8.1307
0.0610,-0.0072,0.0341,2.3667,-1.7154,7.9918
-0.0240,0.1220,0.1764,3.1220,-2.0889,8.0804
-0.0434,0.1460,-0.1450,2.6336,-2.0315,8.3905
-0.0786,0.0754,0.1418,2.3068,-1.7765,8.5162
0.1082,-0.0855,0.1745,3.1843,-1.6819,8.6407
0.0743,-0.0179,-0.0051,3.1232,-1.7023,8.0960
-0.1508,-0.0088,0.0285,2.8120,-1.7849,8.5018
0.0794,-0.1700,0.1423,2.9521,-1.6544,8.7197
0.1274,-0.1410,0.1897,3.3423,-1.5490,8.0984
0.0578,-0.0850,0.0330,3.3148,-1.4186,7.8207
-0.0725,-0.0474,0.0877,3.6380,-1.4904,8.0828
0.1092,-0.0645,-0.1058,3.6607,-1.6293,8.2492
0.0424,-0.0709,-0.0994,3.1352,-1.5347,7.7452
-0.0485,-0.0757,0.0280,3.4273,-1.6017,7.6291
-0.1074,-0.1375,-0.1013,3.4632,-1.4593,7.9906
-0.0504,-0.1711,-0.0421,3.0813,-1.5083,8.1403
-0.0314,-0.3011,0.0839,3.3255,-1.5586,7.9595
-0.0586,-0.0400,0.0410,3.6236,-1.5909,7.9559
0.0045,-0.2475,0.0155,3.6033,-1.5419,8.0002
-0.0791,0.0221,0.1471,3.8439,-1.4928,7.8338
-0.0144,-0.1212,0.0426,4.1815,-1.5526,8.0457
0.0464,-0.0695,0.0578,4.1420,-1.4150,7.7716
0.0384,-0.2843,0.1164,4.3527,-1.4533,7.3909
-0.0967,-0.1220,0.0155,4.5298,-1.5694,7.6890
-0.0634,-0.4167,0.0234,4.2988,-1.5179,8.0206
-0.1884,-1.1311,0.2364,4.4520,-1.6257,7.8039
-0.4261,-2.0006,0.6315,4.6471,-1.7753,6.9372
-0.3397,-0.2177,1.0536,6.4919,-2.2290,5.4432
0.2609,-0.2510,-0.1332,7.9104,-2.5211,6.4847
-0.0072,-0.2289,-0.6137,5.9951,-2.1117,6.3375
-0.2185,-0.2606,-0.1639,5.7305,-2.0830,6.2405
-0.5622,-0.6515,0.1018,5.7293,-2.1081,6.8833
-0.2643,-1.1362,0.1079,6.5721,-2.4217,7.3406
0.3272,-1.3614,0.0221,6.7349,-2.3355,6.6535
0.8108,-3.4648,-0.3222,8.2265,-2.2338,5.6671
0.6555,-2.8682,-0.1037,8.7185,-1.8555,4.1611
0.6867,-0.9038,0.1982,9.3901,-1.4485,1.8627
0.1015,-0.7320,0.3267,9.6091,-1.6209,2.4900
0.5385,0.1415,0.2241,9.9443,-1.8806,2.1332
0.4005,-0.0986,0.0703,9.5840,-1.9525,2.4277
0.6294,-0.0365,0.1935,9.2692,-1.8292,2.7270
0.8172,-0.0725,0.2081,10.0640,-1.8172,1.5957
0.6281,-0.0378,0.0344,9.4774,-1.6855,1.0032
0.7589,-0.1663,0.1319,9.7815,-1.7945,1.3192
0.3262,-0.1244,0.1873,9.7923,-1.6412,0.9517
0.3389,-0.1420,-0.0059,9.5984,-1.5909,1.7861
0.4647,0.0930,0.0749,9.8617,-1.5179,1.9261
0.8388,-0.1330,-0.0397,9.8797,-1.4353,2.6971
1.3235,0.2206,-0.2683,10.5321,-1.2773,1.0104
0.2667,-0.0216,-0.0485,9.2153,-0.6416,0.7506
0.0376,0.1140,0.1927,10.3022,-0.9254,1.9513
0.1633,0.0000,-0.1388,10.2101,-0.7745,2.3762
0.3011,0.0568,-0.0189,9.7049,-0.7135,1.9393
0.2356,0.2014,-0.2126,10.2340,-0.8691,1.9537
0.6875,1.7978,-0.7855,9.2919,-0.7207,1.4425
0.4900,1.2710,-0.1212,8.4324,0.6512,3.0442
0.3027,0.7405,-0.3408,10.1502,0.1425,4.1001
0.3866,0.3552,-0.2761,9.3422,0.7673,3.7709
0.3256,0.5279,-0.1713,10.2089,0.8176,4.3730
0.4482,0.3850,-0.4434,9.7396,1.0798,4.2832
0.4684,0.2158,-0.5865,8.7819,1.3611,5.3211
0.9609,0.2761,-0.4215,9.4272,1.8806,4.0677
0.6281,0.0181,-0.3770,9.2093,2.1811,3.6152
0.5089,-0.0666,-0.6499,9.0776,2.7725,3.8355
0.6728,0.0544,-0.5931,8.2648,3.1436,3.9756
0.6142,0.0179,-0.5470,8.6131,3.3243,3.9732
0.3651,-0.0709,-0.6195,7.4412,3.8786,2.8395
0.5321,-0.1021,-0.4109,8.0218,3.9636,3.2681
0.2702,-0.1537,-0.5412,7.6974,4.5191,3.0191
0.3262,-0.1545,-0.3691,7.7620,4.7609,2.4708
0.1204,-0.0261,-0.4506,8.2660,4.9919,2.7473
0.2158,-0.2750,-0.3525,7.8494,5.1284,3.0083
0.2337,-0.0898,-0.4389,8.0852,5.2924,2.1548
0.0855,-0.0498,-0.4812,7.9356,5.5354,2.2625
0.2105,0.0032,-0.7440,7.3227,5.6467,1.7693
-0.1591,0.0426,-0.5532,6.4344,6.0226,2.3930
0.0024,-0.2848,-0.4658,7.2939,6.2022,2.2996
-0.2268,0.0954,-0.5025,7.2353,6.5302,2.0961
-0.1775,0.1263,-0.9134,6.9109,6.7002,2.1117
-0.1077,0.1745,-0.8404,6.1375,6.7768,1.9740
-0.3325,0.0871,-0.7448,5.9879,7.0569,2.3894
-0.2627,0.1913,-0.7682,5.1487,7.3251,1.7442
-0.5556,0.0861,-0.7285,5.1799,7.1814,3.0083
-0.3888,0.1220,-0.6225,4.4951,7.3011,2.8096
-0.7115,0.0885,-0.4040,3.5674,7.6614,3.3483
-0.2185,-0.1604,-0.3730,5.4049,7.0497,3.4237
-0.2880,-0.0136,-0.6315,4.1420,7.5717,2.6312
-0.5854,-0.0461,-0.5423,3.5626,7.6327,2.8072
-0.4463,-0.0043,-0.6680,5.1834,6.9635,4.6950
-0.3579,0.2531,-0.8186,3.1963,7.5812,2.6300
-0.5550,0.3043,-0.8356,2.9640,7.4400,3.8283
-0.8548,0.1372,-0.6075,3.3938,7.3131,4.9560
-0.5918,0.3144,-0.9745,2.4086,7.5022,4.5430
-0.5923,0.1522,-0.8234,1.1720,7.0222,5.0482
-0.6512,0.1580,-0.6462,1.4904,6.4440,5.5976
-0.5537,0.1218,-0.6675,0.3029,6.7995,4.9656
-0.6555,0.1002,-0.5153,0.4525,6.2369,5.0937
-0.7914,0.1788,-0.5521,0.1676,5.8023,5.4779
-1.0595,0.3568,-0.3952,-0.0742,5.7293,5.4779
-0.9816,0.1340,-0.4415,-0.3555,5.2852,6.1998
-0.9710,0.2670,-0.3789,-0.9828,4.7716,6.2896
-1.4107,0.1146,-0.0701,-0.7805,4.5334,6.6176
-0.8039,-0.3110,0.0226,0.8140,4.0534,7.8147
-1.0781,0.0613,-0.4207,0.4908,3.7086,7.8458
-1.0643,0.0989,-0.4682,-0.3531,3.2621,8.3330
-0.9225,-0.0989,-0.3312,-0.9098,2.8994,8.0960
-1.0880,-0.1844,-0.2238,-0.9266,2.0279,8.5712
-1.1021,-0.1428,-0.0464,-1.4617,1.4569,8.7041
-0.9369,-0.3048,0.0709,-1.8531,0.9780,8.2229
-0.4341,-0.1743,0.2998,1.4114,0.4968,9.8342
-0.5167,0.0823,-0.4882,0.3555,1.2402,9.6343
-1.0477,-0.3667,0.0746,-0.2083,0.6381,9.4200
-1.1050,0.2697,0.3539,0.7099,-0.2071,9.7899
-0.8636,-0.0336,0.3251,0.6500,-0.6512,9.2931
-0.7746,-0.0037,0.3677,0.4322,-1.2426,8.5952
-1.2572,0.0445,0.4080,0.2993,-1.2845,8.5712
-1.1756,-0.1982,0.6187,0.6572,-2.1045,9.0046
-0.8569,-0.0802,0.4610,-0.0395,-2.6552,8.9974
-0.5159,-0.3190,0.7035,0.5770,-2.9892,8.5006
-0.6265,-0.4482,0.4895,0.1987,-3.3196,7.9440
-0.8274,-0.6757,1.0403,-0.0599,-3.7182,8.2516
-0.7797,-0.8338,1.2788,0.8918,-4.2808,8.1427
-0.7520,-1.0856,1.7571,1.2127,-4.3263,8.1151
-0.2910,-0.4900,1.1069,2.3966,-4.8375,8.1139
0.2939,-0.3096,0.5143,2.5019,-4.7896,8.1690
0.1175,-0.6414,0.3371,1.4808,-4.5897,7.0138
-0.1196,-0.1482,0.4309,1.6125,-4.4676,7.6519
0.0642,-0.4751,0.4445,1.7561,-4.6244,7.9619
0.3139,-0.3118,0.3014,1.3180,-4.5873,8.4551
0.5220,-0.5510,0.6155,1.6293,-4.3826,7.8434
0.3283,-0.3736,0.5740,2.6707,-4.3084,8.7161
0.9433,-0.2534,0.4375,3.0646,-3.5769,6.8833
0.1924,-0.2097,0.4255,3.6978,-3.2920,6.3051
-0.2513,-0.0767,0.1455,3.9804,-3.3902,7.3310
0.0911,0.1572,-0.2814,2.6384,-3.5027,8.2145
0.1636,0.0354,0.1364,2.1296,-3.5183,7.7225
0.1532,0.3075,-0.0349,2.4026,-3.3627,7.5753
-0.1442,0.2465,-0.0821,2.0865,-3.2669,7.8422
0.0605,-0.0962,-0.0648,1.6580,-3.3232,8.2863
0.1577,-0.8175,-0.1047,2.7916,-3.7218,7.9559
-0.1108,0.6723,-0.5878,2.3834,-3.6200,7.9547
0.2321,0.3906,-0.0405,1.4437,-3.3267,8.4384
0.5207,0.7357,0.1849,2.1955,-3.3531,8.1044
0.0450,0.7546,-0.1522,2.3236,-2.9724,7.7907
-0.1769,1.3379,-0.2779,1.3515,-3.7062,7.0545
-0.2870,1.6363,0.2958,-0.1532,-2.5426,7.4675
-0.7693,0.7512,0.2729,-0.6812,-2.3092,7.2868
-0.5689,0.8404,0.0493,-0.7242,-3.3998,8.3354
-0.0999,0.4578,-0.3762,-0.6345,-3.2717,8.2995
0.5153,-0.9244,-0.8140,-0.7386,-3.2681,8.9388
0.6534,-0.2590,-0.8847,0.7865,-3.1196,8.0948
0.5822,-0.5828,-0.5287,-0.0958,-1.7885,8.2983
0.2880,-1.2598,-0.5300,0.0192,-1.8579,8.5449
-0.3845,-0.3413,0.1343,2.5821,-2.7521,8.6586
0.1729,0.8140,0.2132,1.2881,-2.4361,8.9076
0.3512,0.6627,0.1636,1.0259,-2.4505,8.0038
0.0453,0.6944,-0.1359,-0.2598,-1.8639,7.9595
-0.3706,-0.0965,-0.0805,-0.0790,-1.7538,7.9499
-0.3179,0.0109,0.2393,-0.2227,-2.4157,8.4360
0.1330,-0.4794,0.2923,0.3508,-2.8419,8.5617
-0.0693,-0.1588,0.1767,0.7685,-2.5163,8.2133
0.1556,-0.7421,0.0608,0.9493,-2.0686,8.0457
-0.8090,-0.0600,0.3645,2.1931,-2.9616,7.7776
-0.8769,0.2984,0.3144,1.3180,-3.2609,8.9807
0.2316,-0.0781,-0.3112,1.5766,-3.2034,8.5688
0.0666,0.0352,-0.4314,0.8643,-2.8515,7.8877
-0.5393,1.0539,-0.2033,0.6536,-3.1412,7.7488
-0.4956,1.1695,0.4954,-0.6081,-3.9241,9.3757
-0.0624,-0.4501,0.9499,-0.1269,-3.4560,8.1630
0.1753,-1.0040,0.1370,0.6404,-2.9054,8.2061
0.3411,-0.6803,0.1796,2.2984,-2.7294,9.3242
0.6672,-1.3038,-0.6073,2.7928,-2.4768,9.1985
0.7743,-0.5492,-0.4599,2.1464,-1.5886,8.3139
0.6083,-1.1895,-0.1386,1.7262,-1.0032,7.6184
0.1559,-2.4485,0.1340,2.2410,1.5203,8.1379
-0.0578,-0.3461,1.5444,7.2305,-2.4995,7.9452
0.6976,-1.1519,-0.4887,3.9385,-2.1668,6.7804
-0.6038,-0.7589,-1.8871,3.2932,-2.5786,5.9089
-0.7770,-1.6228,-0.2172,4.7800,-3.4919,7.3646
0.8471,-0.2944,0.1916,7.2197,-2.4744,6.8606
0.7360,-0.7866,-0.7714,5.9113,-1.8435,6.2261
0.2433,-0.0378,0.1892,5.5234,-1.6005,5.4552
-0.2926,0.4780,0.5249,6.2058,-1.8591,6.1639
-0.9241,0.4050,0.4098,6.7169,-2.4409,7.4184
-1.2742,0.9158,-0.6190,4.0103,-2.4205,8.6898
0.8034,0.3589,0.5140,5.5294,-2.1392,6.4979
-0.3629,0.0719,0.0216,5.5126,-1.4281,6.8869
-0.1673,0.0450,0.1218,6.2225,-1.9561,8.6514
0.6339,-0.0624,-0.0309,5.9963,-1.6723,7.3777
0.4930,0.0120,0.1042,5.8239,-1.3695,6.1818
-0.2811,-0.0490,0.0493,6.5685,-1.4329,6.0250
-0.4644,-0.1535,-0.3938,5.8610,-1.4269,6.9863
0.2198,-0.4061,0.0610,6.2860,-1.5682,7.2604
0.2670,0.0693,-0.1183,6.4967,-1.3420,6.4117
-0.0232,-0.0469,-0.1836,5.8778,-1.2773,6.2022
-0.1482,0.1599,-0.0139,5.6144,-1.3276,6.4464
-0.1103,0.0005,0.0727,6.0214,-1.2534,7.0030
0.0381,-0.2523,0.2006,6.4129,-1.1277,6.3578
-0.1037,-0.5822,-0.0829,5.7114,-1.2749,5.1032
-1.5178,-2.0486,-0.2033,4.6902,-1.7370,7.1874
0.1023,-3.1765,0.3941,7.3897,-2.3774,7.2484
0.6952,-1.8341,0.4604,8.2361,-2.0087,5.2601
0.4602,-3.1573,0.1466,9.8222,-2.1261,3.4093
1.1088,-2.8906,0.2848,9.4918,-2.2218,3.9289
2.0256,-3.3937,0.1663,10.0748,-2.6384,2.3547
2.9681,-2.7451,0.5073,10.9535,-2.8587,-1.1432
1.9931,-1.8063,0.3856,10.5788,-2.9066,-3.7757
1.3395,-1.4138,0.4572,9.5229,-3.0251,-4.3730
0.3232,-1.0182,0.8402,9.9204,-3.5015,-4.8435
0.8719,-0.9840,0.2361,10.2113,-3.9361,-4.3790
0.5590,0.3259,-0.2257,9.4643,-3.9564,-5.5426
0.5969,-0.2046,-0.4996,7.8111,-3.5422,-5.2936
0.1988,-0.1793,-0.1018,8.0086,-3.5267,-5.0913
0.3011,-0.3882,-0.1367,8.6898,-3.5638,-4.3144
0.5007,0.1007,-0.2907,9.2859,-3.4848,-3.6272
0.7669,-0.4378,-0.2244,9.8821,-3.4752,-4.8782
0.7338,0.2318,-0.2006,10.1574,-3.6703,-4.1587
0.5644,0.4980,-0.1665,9.5074,-3.3914,-5.0937
0.3056,1.0818,-0.0663,10.8038,-3.5506,-2.3822
0.8879,0.2867,-0.5036,11.3042,-3.5458,-3.8128
0.5705,0.8452,-1.0171,10.8338,-3.4572,-3.9049
0.2891,0.8998,-1.3552,9.9539,-2.7210,-2.7569
0.5359,0.5630,-1.1962,10.6985,-2.2637,-2.7761
0.2995,0.4525,-1.6060,10.5512,-1.6664,-2.0889
0.1641,0.5705,-1.6246,10.2867,-0.7913,-2.3248
0.0997,0.6387,-1.8087,10.0066,-0.1448,-1.9309
0.2577,0.1873,-1.7269,8.7424,1.4916,-0.9840
0.0405,0.0733,-1.3368,9.3984,1.9513,-1.1935
-0.1069,-0.1034,-1.3941,9.1303,2.8539,-0.8475
0.0823,0.0741,-1.2111,9.1315,3.5961,-1.0044
-0.1085,-0.1993,-1.2846,8.6143,4.1539,-1.0810
-0.0101,0.0448,-1.1996,8.3115,4.6974,-1.3336
-0.3485,0.0224,-1.1703,8.1606,5.0530,-1.2570
-0.4378,0.1799,-1.0485,7.7417,5.5486,-1.7346
-0.8346,0.0325,-1.1159,6.8271,6.4177,-1.2043
-1.0355,0.4381,-0.8394,8.0134,6.2381,0.0072
-0.9068,0.5620,-1.2199,6.3506,6.7971,-0.6357
-1.4330,0.2089,-1.0312,5.7581,7.0725,0.4238
-2.1919,1.0834,-0.7152,5.5162,7.4579,1.2977
-1.8063,0.8266,-0.3765,5.8155,6.6487,2.7150
-0.6496,0.2108,-1.0030,5.8502,6.6343,4.0594
-0.6792,0.2201,-1.3800,4.4867,6.8307,2.8659
-1.1445,-0.0208,-0.9670,3.3411,6.7433,4.2557
-0.9177,-0.0610,-1.0024,3.1747,6.5505,5.0589
-0.5510,-0.1199,-0.8593,2.2793,6.7074,4.6220
-0.6590,-0.2332,-0.6584,2.2829,6.3734,5.0733
-0.9473,-0.0333,-0.5454,1.9513,6.9815,4.7549
-0.9926,-0.5002,-0.5265,2.0482,5.4959,5.3905
-0.6811,-0.1292,0.0687,2.6839,5.4253,5.3822
-1.4202,-0.1953,-0.3485,2.4229,5.4013,5.5545
-1.6707,0.3595,-0.3970,1.6041,4.7489,6.7552
-1.9105,-0.0983,-0.1708,0.9912,3.8595,7.0617
-2.3411,0.1591,0.2313,2.3212,3.0921,8.0038
-1.9441,-0.0719,-0.1692,2.4684,1.9237,9.0405
-1.3512,-0.1162,-0.0160,1.7119,1.6065,8.4551
-0.9302,-0.6539,0.3254,3.2106,0.9158,9.0345
-0.2220,-0.3240,0.0778,3.2549,0.8152,8.2133
-0.8263,-0.4040,0.3456,2.6671,0.4657,8.3079
-0.9172,-0.6070,0.6933,3.1244,-0.0622,9.3458
-0.2465,-0.0264,0.7568,2.3224,-0.6596,9.1806
-0.9329,-0.6749,1.1538,5.9029,-0.7913,8.3007
-0.5713,0.2411,0.2510,5.2924,-1.1205,8.6024
-0.7853,-0.3038,0.2427,4.2677,-1.2282,8.4144
-0.3725,0.1828,0.4562,4.3790,-1.8459,7.9918
-0.4682,-0.3683,0.3555,4.6531,-2.1213,8.3031
0.0229,-0.3016,0.2084,3.8343,-2.2362,7.8757
-0.0565,-0.5939,0.6312,4.1635,-2.0267,8.4743
0.1783,-0.3246,0.7163,4.3970,-2.0818,8.2241
-0.0464,-0.3325,0.7242,3.8044,-2.2470,7.3634
-0.0536,-0.8527,1.0853,3.8259,-3.3303,7.2233
-0.0895,-0.5931,1.1498,4.5047,-3.4153,7.3909
-0.0799,-0.6595,1.2457,5.2086,-3.2944,6.5625
-0.0461,-0.4807,1.1666,6.4524,-3.7936,6.8750
0.2132,-0.4623,0.7480,5.9041,-4.0953,7.0174
0.2262,0.0205,0.7445,6.3841,-3.8188,6.3734
-0.0123,-0.1436,0.3603,5.8778,-3.7457,6.6798
0.1023,0.0541,0.2976,5.4013,-4.2006,7.8542
0.7397,0.4088,0.3901,5.1439,-4.1108,7.1670
0.4146,0.1628,0.4469,5.7473,-3.6236,6.0346
0.2571,0.1695,0.3850,6.2165,-3.3267,6.1423
